[
{
  "model": "auth.user",
  "fields": {
    "password": "pbkdf2_sha256$1200000$NipS8NFJ2BxMAEKbtDmlcM$j6ucXVd6+ziUixruqUt522OBmM+4NORs2A07EnLY9ek=",
    "last_login": null,
    "is_superuser": false,
    "username": "oksanahordych@ukr.net",
    "first_name": "",
    "last_name": "",
    "email": "oksanahordych@ukr.net",
    "is_staff": false,
    "is_active": true,
    "date_joined": "2026-03-07T14:51:50.901Z",
    "groups": [],
    "user_permissions": []
  }
},
{
  "model": "auth.user",
  "fields": {
    "password": "pbkdf2_sha256$1200000$zAQwlux4NmH00iSAnGMsuT$gh0kPs0/+v/KEJTCSEeGGajwgTnD9wnSRGvMH/RbfC4=",
    "last_login": null,
    "is_superuser": false,
    "username": "oksanahordych1@ukr.net",
    "first_name": "",
    "last_name": "",
    "email": "oksanahordych1@ukr.net",
    "is_staff": false,
    "is_active": true,
    "date_joined": "2026-03-11T19:26:59.277Z",
    "groups": [],
    "user_permissions": []
  }
},
{
  "model": "auth.user",
  "fields": {
    "password": "pbkdf2_sha256$1200000$2yWJQXctCjMIs3II9lnHAM$6kSrcwaSiWP9kuJah4yoSDDu0dHfijLq5yOoHio8S1I=",
    "last_login": "2026-03-13T18:40:48.345Z",
    "is_superuser": true,
    "username": "admin",
    "first_name": "",
    "last_name": "",
    "email": "oksanahordych@gmail.com",
    "is_staff": true,
    "is_active": true,
    "date_joined": "2026-03-13T18:38:58.336Z",
    "groups": [],
    "user_permissions": []
  }
},
{
  "model": "auth.user",
  "fields": {
    "password": "pbkdf2_sha256$1200000$iInEFIrMdZgVMdgBDxljoJ$3aBf/F536i/zkNx8eQudioMV7MatuQ4Gl8d+DOlFmDA=",
    "last_login": null,
    "is_superuser": false,
    "username": "alice@urk.net",
    "first_name": "Alice",
    "last_name": "InWonderland",
    "email": "alice@urk.net",
    "is_staff": false,
    "is_active": true,
    "date_joined": "2026-03-13T18:48:14.047Z",
    "groups": [],
    "user_permissions": []
  }
},
{
  "model": "auth.user",
  "fields": {
    "password": "pbkdf2_sha256$1200000$90aFARfvl1721mDFKfYVqx$O2H9E+vg9LG3HPj3St3BTyaBU2BLOxYRz31mvMXL5dc=",
    "last_login": null,
    "is_superuser": false,
    "username": "miastone@ukr.net",
    "first_name": "Mia",
    "last_name": "Stone",
    "email": "miastone@ukr.net",
    "is_staff": false,
    "is_active": true,
    "date_joined": "2026-03-13T18:51:37.489Z",
    "groups": [],
    "user_permissions": []
  }
},
{
  "model": "auth.user",
  "fields": {
    "password": "pbkdf2_sha256$1200000$fGzOGaAghcsAlOytQbuie4$0ZOJK7SOoy90sOKtupzuhhjtzzF0bzp8R5ceSIJjSr0=",
    "last_login": null,
    "is_superuser": false,
    "username": "lady.linton@gmail.com",
    "first_name": "Cathy",
    "last_name": "Linton",
    "email": "lady.linton@gmail.com",
    "is_staff": false,
    "is_active": true,
    "date_joined": "2026-04-13T14:47:02.494Z",
    "groups": [],
    "user_permissions": []
  }
},
{
  "model": "auth.user",
  "fields": {
    "password": "pbkdf2_sha256$1200000$5mmYLg6GYLM2bBUYhrDYT7$GbX2H/j8Ym+LRL0aZtPnZV5z63ZbpHiG1fSh0Pa0+1Q=",
    "last_login": null,
    "is_superuser": false,
    "username": "myladyjane@ukr.net",
    "first_name": "Jane",
    "last_name": "Eyre",
    "email": "myladyjane@ukr.net",
    "is_staff": false,
    "is_active": true,
    "date_joined": "2026-04-13T15:00:27.841Z",
    "groups": [],
    "user_permissions": []
  }
},
{
  "model": "auth.user",
  "fields": {
    "password": "pbkdf2_sha256$1200000$80o6pK8hBo0D4lQCP7zYqH$l0Wsc99uhlQWCsThcwEADIQSqiiV+z+aNeNiHH6n+kU=",
    "last_login": null,
    "is_superuser": false,
    "username": "aemma@ukr.net",
    "first_name": "Aemma",
    "last_name": "Arryn",
    "email": "aemma@ukr.net",
    "is_staff": false,
    "is_active": true,
    "date_joined": "2026-04-20T12:31:03.636Z",
    "groups": [],
    "user_permissions": []
  }
},
{
  "model": "users.userprofile",
  "pk": 3,
  "fields": {
    "user": [
      "oksanahordych@ukr.net"
    ],
    "google_id": null,
    "avatar": null,
    "phone_number": ""
  }
},
{
  "model": "users.userprofile",
  "pk": 4,
  "fields": {
    "user": [
      "oksanahordych1@ukr.net"
    ],
    "google_id": null,
    "avatar": null,
    "phone_number": ""
  }
},
{
  "model": "users.userprofile",
  "pk": 7,
  "fields": {
    "user": [
      "alice@urk.net"
    ],
    "google_id": null,
    "avatar": "https://res.cloudinary.com/dbbgctiio/image/upload/v1774377936/avatars/mkudifoxodnyurpvpec9.jpg",
    "phone_number": ""
  }
},
{
  "model": "users.userprofile",
  "pk": 8,
  "fields": {
    "user": [
      "miastone@ukr.net"
    ],
    "google_id": null,
    "avatar": "https://res.cloudinary.com/dbbgctiio/image/upload/v1774376889/avatars/o7atlbi5u8pijb4ykyoz.jpg",
    "phone_number": ""
  }
},
{
  "model": "users.userprofile",
  "pk": 9,
  "fields": {
    "user": [
      "lady.linton@gmail.com"
    ],
    "google_id": null,
    "avatar": "https://res.cloudinary.com/dbbgctiio/image/upload/v1776091712/avatars/u2lfdrk3d5pnqpq5gtxg.jpg",
    "phone_number": ""
  }
},
{
  "model": "users.userprofile",
  "pk": 10,
  "fields": {
    "user": [
      "myladyjane@ukr.net"
    ],
    "google_id": null,
    "avatar": "https://res.cloudinary.com/dbbgctiio/image/upload/v1776442832/avatars/njuriji4hedeiccuvfak.jpg",
    "phone_number": ""
  }
},
{
  "model": "users.userprofile",
  "pk": 11,
  "fields": {
    "user": [
      "aemma@ukr.net"
    ],
    "google_id": null,
    "avatar": "https://res.cloudinary.com/dbbgctiio/image/upload/v1776688278/avatars/ewxaopzxj6hy2elip8w1.jpg",
    "phone_number": ""
  }
},
{
  "model": "users.client",
  "pk": 1,
  "fields": {
    "user": [
      "oksanahordych1@ukr.net"
    ],
    "name": "oksanahordych1@ukr.net",
    "user_name": "",
    "email": "oksanahordych1@ukr.net",
    "phone_number": "",
    "location": "",
    "age": null,
    "height_sm": null,
    "eyes_color": "",
    "skin_color": "",
    "hair_color": "",
    "image_url": "",
    "face_shape": "",
    "forehead_height": "",
    "eye_shape": "",
    "eye_size": "",
    "nose_shape": "",
    "lips_fullness": "",
    "chin_shape": "",
    "brow_thickness": "",
    "brow_arch": "",
    "undertone": "",
    "freckles": false,
    "tanning_reaction": "",
    "shoulders_width": "",
    "bust": null,
    "waist": null,
    "hips": null,
    "leg_length_ratio": ""
  }
},
{
  "model": "users.client",
  "pk": 3,
  "fields": {
    "user": [
      "oksanahordych@ukr.net"
    ],
    "name": "oksanahordych@ukr.net",
    "user_name": "",
    "email": "oksanahordych@ukr.net",
    "phone_number": "",
    "location": "",
    "age": null,
    "height_sm": null,
    "eyes_color": "",
    "skin_color": "",
    "hair_color": "",
    "image_url": "",
    "face_shape": "",
    "forehead_height": "",
    "eye_shape": "",
    "eye_size": "",
    "nose_shape": "",
    "lips_fullness": "",
    "chin_shape": "",
    "brow_thickness": "",
    "brow_arch": "",
    "undertone": "",
    "freckles": false,
    "tanning_reaction": "",
    "shoulders_width": "",
    "bust": null,
    "waist": null,
    "hips": null,
    "leg_length_ratio": ""
  }
},
{
  "model": "users.client",
  "pk": 5,
  "fields": {
    "user": [
      "alice@urk.net"
    ],
    "name": "Alice InWonderland",
    "user_name": "",
    "email": "alice@urk.net",
    "phone_number": "",
    "location": "",
    "age": null,
    "height_sm": null,
    "eyes_color": "",
    "skin_color": "",
    "hair_color": "",
    "image_url": "",
    "face_shape": "",
    "forehead_height": "",
    "eye_shape": "",
    "eye_size": "",
    "nose_shape": "",
    "lips_fullness": "",
    "chin_shape": "",
    "brow_thickness": "",
    "brow_arch": "",
    "undertone": "",
    "freckles": false,
    "tanning_reaction": "",
    "shoulders_width": "",
    "bust": null,
    "waist": null,
    "hips": null,
    "leg_length_ratio": ""
  }
},
{
  "model": "users.client",
  "pk": 6,
  "fields": {
    "user": [
      "miastone@ukr.net"
    ],
    "name": "Mia Stone",
    "user_name": "",
    "email": "miastone@ukr.net",
    "phone_number": "",
    "location": "",
    "age": null,
    "height_sm": null,
    "eyes_color": "",
    "skin_color": "",
    "hair_color": "",
    "image_url": "",
    "face_shape": "",
    "forehead_height": "",
    "eye_shape": "",
    "eye_size": "",
    "nose_shape": "",
    "lips_fullness": "",
    "chin_shape": "",
    "brow_thickness": "",
    "brow_arch": "",
    "undertone": "",
    "freckles": false,
    "tanning_reaction": "",
    "shoulders_width": "",
    "bust": null,
    "waist": null,
    "hips": null,
    "leg_length_ratio": ""
  }
},
{
  "model": "users.client",
  "pk": 7,
  "fields": {
    "user": [
      "lady.linton@gmail.com"
    ],
    "name": "Cathy Linton",
    "user_name": "",
    "email": "lady.linton@gmail.com",
    "phone_number": "",
    "location": "",
    "age": null,
    "height_sm": null,
    "eyes_color": "",
    "skin_color": "",
    "hair_color": "",
    "image_url": "",
    "face_shape": "",
    "forehead_height": "",
    "eye_shape": "",
    "eye_size": "",
    "nose_shape": "",
    "lips_fullness": "",
    "chin_shape": "",
    "brow_thickness": "",
    "brow_arch": "",
    "undertone": "",
    "freckles": false,
    "tanning_reaction": "",
    "shoulders_width": "",
    "bust": null,
    "waist": null,
    "hips": null,
    "leg_length_ratio": ""
  }
},
{
  "model": "users.client",
  "pk": 8,
  "fields": {
    "user": [
      "myladyjane@ukr.net"
    ],
    "name": "Jane Eyre",
    "user_name": "",
    "email": "myladyjane@ukr.net",
    "phone_number": "",
    "location": "",
    "age": null,
    "height_sm": null,
    "eyes_color": "",
    "skin_color": "",
    "hair_color": "",
    "image_url": "",
    "face_shape": "",
    "forehead_height": "",
    "eye_shape": "",
    "eye_size": "",
    "nose_shape": "",
    "lips_fullness": "",
    "chin_shape": "",
    "brow_thickness": "",
    "brow_arch": "",
    "undertone": "",
    "freckles": false,
    "tanning_reaction": "",
    "shoulders_width": "",
    "bust": null,
    "waist": null,
    "hips": null,
    "leg_length_ratio": ""
  }
},
{
  "model": "users.client",
  "pk": 9,
  "fields": {
    "user": [
      "aemma@ukr.net"
    ],
    "name": "Aemma Arryn",
    "user_name": "",
    "email": "aemma@ukr.net",
    "phone_number": "",
    "location": "",
    "age": null,
    "height_sm": null,
    "eyes_color": "",
    "skin_color": "",
    "hair_color": "",
    "image_url": "",
    "face_shape": "",
    "forehead_height": "",
    "eye_shape": "",
    "eye_size": "",
    "nose_shape": "",
    "lips_fullness": "",
    "chin_shape": "",
    "brow_thickness": "",
    "brow_arch": "",
    "undertone": "",
    "freckles": false,
    "tanning_reaction": "",
    "shoulders_width": "",
    "bust": null,
    "waist": null,
    "hips": null,
    "leg_length_ratio": ""
  }
},
{
  "model": "masters.master",
  "pk": 1,
  "fields": {
    "user": null,
    "name": "Анна Іваненко",
    "specialization": "Майстер манікюру",
    "city": "Київ",
    "address": "вул. Хрещатик, 1",
    "experience_years": 5,
    "description": "Досвідчений майстер...",
    "profile_photo": "https://example.com/anna.jpg",
    "monday_hours": "",
    "tuesday_hours": "",
    "wednesday_hours": "",
    "thursday_hours": "",
    "friday_hours": "",
    "saturday_hours": "",
    "sunday_hours": "",
    "rating": 0.0,
    "is_active": true,
    "created_at": "2026-03-07T13:19:29.633Z",
    "iban": "",
    "payment_purpose": ""
  }
},
{
  "model": "masters.master",
  "pk": 2,
  "fields": {
    "user": null,
    "name": "OksanaMaster",
    "specialization": "Stylist",
    "city": "Rivne",
    "address": "Svobody, 45",
    "experience_years": 3,
    "description": "Nnnnnannanna",
    "profile_photo": "",
    "monday_hours": "",
    "tuesday_hours": "",
    "wednesday_hours": "",
    "thursday_hours": "",
    "friday_hours": "",
    "saturday_hours": "",
    "sunday_hours": "",
    "rating": 0.0,
    "is_active": true,
    "created_at": "2026-03-13T17:48:08.594Z",
    "iban": "",
    "payment_purpose": ""
  }
},
{
  "model": "masters.master",
  "pk": 4,
  "fields": {
    "user": [
      "alice@urk.net"
    ],
    "name": "Alice InWonderland",
    "specialization": "Nails Master",
    "city": "Sarny",
    "address": "Evropeuska, 18a",
    "experience_years": 2,
    "description": "Gooooood!",
    "profile_photo": "https://res.cloudinary.com/dbbgctiio/image/upload/v1774377936/avatars/mkudifoxodnyurpvpec9.jpg",
    "monday_hours": "9-13",
    "tuesday_hours": "8-13",
    "wednesday_hours": "8-13",
    "thursday_hours": "8-13",
    "friday_hours": "8-13",
    "saturday_hours": "8-13",
    "sunday_hours": "",
    "rating": 0.0,
    "is_active": true,
    "created_at": "2026-03-13T18:48:15.412Z",
    "iban": "",
    "payment_purpose": ""
  }
},
{
  "model": "masters.master",
  "pk": 5,
  "fields": {
    "user": [
      "myladyjane@ukr.net"
    ],
    "name": "Jane Eyre",
    "specialization": "Personal stylist/image consultant",
    "city": "London",
    "address": "18 King William Street",
    "experience_years": 4,
    "description": "Helping you discover a signature style that elevates your confidence and perfectly aligns with your lifestyle.",
    "profile_photo": "https://res.cloudinary.com/dbbgctiio/image/upload/v1776442832/avatars/njuriji4hedeiccuvfak.jpg",
    "monday_hours": "9-17",
    "tuesday_hours": "9-17",
    "wednesday_hours": "9-17",
    "thursday_hours": "9-17",
    "friday_hours": "9-17",
    "saturday_hours": "",
    "sunday_hours": "",
    "rating": 0.0,
    "is_active": true,
    "created_at": "2026-04-17T16:15:30.059Z",
    "iban": "",
    "payment_purpose": ""
  }
},
{
  "model": "masters.master",
  "pk": 6,
  "fields": {
    "user": [
      "aemma@ukr.net"
    ],
    "name": "Aemma Arryn",
    "specialization": "Makeup",
    "city": "London",
    "address": "124 City Road",
    "experience_years": 5,
    "description": "Dedicated to making you look and feel your absolute best. From soft, glowing skin to dramatic transformations, I specialize in bespoke makeup artistry for any occasion. Let's create your perfect look.",
    "profile_photo": "https://res.cloudinary.com/dbbgctiio/image/upload/v1776688278/avatars/ewxaopzxj6hy2elip8w1.jpg",
    "monday_hours": "10-14",
    "tuesday_hours": "10-14",
    "wednesday_hours": "10-14",
    "thursday_hours": "10-14",
    "friday_hours": "10-14",
    "saturday_hours": "",
    "sunday_hours": "",
    "rating": 0.0,
    "is_active": true,
    "created_at": "2026-04-20T12:31:04.801Z",
    "iban": "UA453220010000026001987654321",
    "payment_purpose": "Payment for makeup services"
  }
},
{
  "model": "masters.masterservice",
  "pk": 30,
  "fields": {
    "master": 6,
    "name": "Bridal makeup",
    "price": "2500.00",
    "duration_minutes": 120,
    "requires_prepayment": true,
    "is_active": true
  }
},
{
  "model": "masters.masterservice",
  "pk": 31,
  "fields": {
    "master": 6,
    "name": "Full glam makeup",
    "price": "2400.00",
    "duration_minutes": 120,
    "requires_prepayment": false,
    "is_active": true
  }
},
{
  "model": "masters.masterservice",
  "pk": 32,
  "fields": {
    "master": 6,
    "name": "Daily makeup",
    "price": "1000.00",
    "duration_minutes": 60,
    "requires_prepayment": false,
    "is_active": true
  }
},
{
  "model": "masters.masterservice",
  "pk": 33,
  "fields": {
    "master": 6,
    "name": "Makeup turorial",
    "price": "2000.00",
    "duration_minutes": 60,
    "requires_prepayment": false,
    "is_active": true
  }
},
{
  "model": "masters.masterservice",
  "pk": 37,
  "fields": {
    "master": 5,
    "name": "Online meeting",
    "price": "2000.00",
    "duration_minutes": 60,
    "requires_prepayment": false,
    "is_active": true
  }
},
{
  "model": "masters.masterservice",
  "pk": 38,
  "fields": {
    "master": 5,
    "name": "Offline meting",
    "price": "3000.00",
    "duration_minutes": 60,
    "requires_prepayment": false,
    "is_active": true
  }
},
{
  "model": "masters.masterservice",
  "pk": 39,
  "fields": {
    "master": 5,
    "name": "Help with shoping",
    "price": "10000.00",
    "duration_minutes": 180,
    "requires_prepayment": false,
    "is_active": true
  }
},
{
  "model": "masters.masterservice",
  "pk": 40,
  "fields": {
    "master": 5,
    "name": "Wardrobe review",
    "price": "8000.00",
    "duration_minutes": 180,
    "requires_prepayment": false,
    "is_active": true
  }
},
{
  "model": "masters.masterservice",
  "pk": 41,
  "fields": {
    "master": 4,
    "name": "Nails",
    "price": "1200.00",
    "duration_minutes": 90,
    "requires_prepayment": false,
    "is_active": true
  }
},
{
  "model": "masters.masterservice",
  "pk": 42,
  "fields": {
    "master": 4,
    "name": "Pedicure",
    "price": "1500.00",
    "duration_minutes": 120,
    "requires_prepayment": false,
    "is_active": true
  }
},
{
  "model": "masters.masterservice",
  "pk": 43,
  "fields": {
    "master": 4,
    "name": "Japanese manicure",
    "price": "700.00",
    "duration_minutes": 60,
    "requires_prepayment": false,
    "is_active": true
  }
},
{
  "model": "masters.masterworkphoto",
  "pk": 1,
  "fields": {
    "master": 1,
    "photo_url": "https://example.com/work1.jpg",
    "caption": "Манікюр",
    "uploaded_at": "2026-03-07T13:19:29.641Z"
  }
},
{
  "model": "masters.masterworkphoto",
  "pk": 2,
  "fields": {
    "master": 1,
    "photo_url": "https://example.com/work2.jpg",
    "caption": "Педикюр",
    "uploaded_at": "2026-03-07T13:19:29.649Z"
  }
},
{
  "model": "masters.masterworkphoto",
  "pk": 83,
  "fields": {
    "master": 5,
    "photo_url": "https://res.cloudinary.com/dbbgctiio/image/upload/v1776446879/master_work_photos/r51elmfg75s6k3snobpi.jpg",
    "caption": "",
    "uploaded_at": "2026-04-22T14:47:33.004Z"
  }
},
{
  "model": "masters.masterworkphoto",
  "pk": 84,
  "fields": {
    "master": 5,
    "photo_url": "https://res.cloudinary.com/dbbgctiio/image/upload/v1776446875/master_work_photos/h9rjqmcdhqlqbe7nzcyf.jpg",
    "caption": "",
    "uploaded_at": "2026-04-22T14:47:33.007Z"
  }
},
{
  "model": "masters.masterworkphoto",
  "pk": 85,
  "fields": {
    "master": 5,
    "photo_url": "https://res.cloudinary.com/dbbgctiio/image/upload/v1776446870/master_work_photos/hvv12jaff07ecmpzkuib.jpg",
    "caption": "",
    "uploaded_at": "2026-04-22T14:47:33.008Z"
  }
},
{
  "model": "masters.masterworkphoto",
  "pk": 86,
  "fields": {
    "master": 5,
    "photo_url": "https://res.cloudinary.com/dbbgctiio/image/upload/v1776446865/master_work_photos/db9nfewzjaobxms2knbv.jpg",
    "caption": "",
    "uploaded_at": "2026-04-22T14:47:33.009Z"
  }
},
{
  "model": "masters.masterworkphoto",
  "pk": 87,
  "fields": {
    "master": 5,
    "photo_url": "https://res.cloudinary.com/dbbgctiio/image/upload/v1776446861/master_work_photos/pjqh3pevgxftl4o84rjk.jpg",
    "caption": "",
    "uploaded_at": "2026-04-22T14:47:33.009Z"
  }
},
{
  "model": "masters.masterworkphoto",
  "pk": 88,
  "fields": {
    "master": 5,
    "photo_url": "https://res.cloudinary.com/dbbgctiio/image/upload/v1776446857/master_work_photos/p3aiixvwaihs5r7g4koe.jpg",
    "caption": "",
    "uploaded_at": "2026-04-22T14:47:33.010Z"
  }
},
{
  "model": "masters.masterworkphoto",
  "pk": 89,
  "fields": {
    "master": 5,
    "photo_url": "https://res.cloudinary.com/dbbgctiio/image/upload/v1776446851/master_work_photos/h6vaeszzj5gvga3quewt.jpg",
    "caption": "",
    "uploaded_at": "2026-04-22T14:47:33.011Z"
  }
},
{
  "model": "masters.masterworkphoto",
  "pk": 90,
  "fields": {
    "master": 5,
    "photo_url": "https://res.cloudinary.com/dbbgctiio/image/upload/v1776446843/master_work_photos/e4rwznmdta4uzcc5rsua.jpg",
    "caption": "",
    "uploaded_at": "2026-04-22T14:47:33.013Z"
  }
},
{
  "model": "masters.masterworkphoto",
  "pk": 91,
  "fields": {
    "master": 4,
    "photo_url": "https://res.cloudinary.com/dbbgctiio/image/upload/v1776446687/master_work_photos/ntoyxurhopckdarebolb.jpg",
    "caption": "",
    "uploaded_at": "2026-04-22T14:49:05.442Z"
  }
},
{
  "model": "masters.masterworkphoto",
  "pk": 92,
  "fields": {
    "master": 4,
    "photo_url": "https://res.cloudinary.com/dbbgctiio/image/upload/v1776446694/master_work_photos/wiibpmslq2bggjrhbzeh.jpg",
    "caption": "",
    "uploaded_at": "2026-04-22T14:49:05.446Z"
  }
},
{
  "model": "masters.masterworkphoto",
  "pk": 93,
  "fields": {
    "master": 4,
    "photo_url": "https://res.cloudinary.com/dbbgctiio/image/upload/v1776446699/master_work_photos/szjwll7pgwzf53yaoe5y.jpg",
    "caption": "",
    "uploaded_at": "2026-04-22T14:49:05.446Z"
  }
},
{
  "model": "masters.masterworkphoto",
  "pk": 94,
  "fields": {
    "master": 4,
    "photo_url": "https://res.cloudinary.com/dbbgctiio/image/upload/v1776446704/master_work_photos/otvosbcrtrm5a25g9gj2.jpg",
    "caption": "",
    "uploaded_at": "2026-04-22T14:49:05.447Z"
  }
},
{
  "model": "masters.masterworkphoto",
  "pk": 95,
  "fields": {
    "master": 4,
    "photo_url": "https://res.cloudinary.com/dbbgctiio/image/upload/v1776446710/master_work_photos/ikozvwpyheu3r4qmtfdi.jpg",
    "caption": "",
    "uploaded_at": "2026-04-22T14:49:05.448Z"
  }
},
{
  "model": "masters.masterworkphoto",
  "pk": 96,
  "fields": {
    "master": 4,
    "photo_url": "https://res.cloudinary.com/dbbgctiio/image/upload/v1776446717/master_work_photos/v5ccnzm3u4rffz7qzx0f.jpg",
    "caption": "",
    "uploaded_at": "2026-04-22T14:49:05.448Z"
  }
},
{
  "model": "masters.masterworkphoto",
  "pk": 97,
  "fields": {
    "master": 4,
    "photo_url": "https://res.cloudinary.com/dbbgctiio/image/upload/v1776446724/master_work_photos/slqrldphstaclkmccets.jpg",
    "caption": "",
    "uploaded_at": "2026-04-22T14:49:05.449Z"
  }
},
{
  "model": "masters.masterworkphoto",
  "pk": 98,
  "fields": {
    "master": 4,
    "photo_url": "https://res.cloudinary.com/dbbgctiio/image/upload/v1776446743/master_work_photos/ihupe8etesea0zwlzfwu.jpg",
    "caption": "",
    "uploaded_at": "2026-04-22T14:49:05.449Z"
  }
},
{
  "model": "masters.masterworkphoto",
  "pk": 99,
  "fields": {
    "master": 4,
    "photo_url": "https://res.cloudinary.com/dbbgctiio/image/upload/v1776446751/master_work_photos/tblthivcdbk6tbnxp51u.jpg",
    "caption": "",
    "uploaded_at": "2026-04-22T14:49:05.452Z"
  }
},
{
  "model": "masters.masterworkphoto",
  "pk": 100,
  "fields": {
    "master": 4,
    "photo_url": "https://res.cloudinary.com/dbbgctiio/image/upload/v1776526896/master_work_photos/mcmfeus5p6ezywwavdsh.jpg",
    "caption": "",
    "uploaded_at": "2026-04-22T14:49:05.452Z"
  }
},
{
  "model": "masters.masterworkphoto",
  "pk": 101,
  "fields": {
    "master": 4,
    "photo_url": "https://res.cloudinary.com/dbbgctiio/image/upload/v1776526902/master_work_photos/ngp9xlfysmingljadgwp.jpg",
    "caption": "",
    "uploaded_at": "2026-04-22T14:49:05.453Z"
  }
},
{
  "model": "masters.masterworkphoto",
  "pk": 102,
  "fields": {
    "master": 6,
    "photo_url": "https://res.cloudinary.com/dbbgctiio/image/upload/v1776688511/master_work_photos/zibuzuqhtyy0dvsluuvl.jpg",
    "caption": "",
    "uploaded_at": "2026-04-22T15:53:07.256Z"
  }
},
{
  "model": "masters.masterweektimetable",
  "pk": 1,
  "fields": {
    "master": 4,
    "week_start": "2026-03-30",
    "monday_hours": "",
    "tuesday_hours": "10-13",
    "wednesday_hours": "10-13",
    "thursday_hours": "10-13",
    "friday_hours": "",
    "saturday_hours": "",
    "sunday_hours": "",
    "created_at": "2026-04-04T16:44:32.258Z",
    "updated_at": "2026-04-04T16:50:00.696Z"
  }
},
{
  "model": "masters.masterweektimetable",
  "pk": 2,
  "fields": {
    "master": 4,
    "week_start": "2026-04-06",
    "monday_hours": "",
    "tuesday_hours": "11-17",
    "wednesday_hours": "11-17",
    "thursday_hours": "11-17",
    "friday_hours": "11-17",
    "saturday_hours": "11-17",
    "sunday_hours": "",
    "created_at": "2026-04-04T16:44:32.323Z",
    "updated_at": "2026-04-04T16:50:00.754Z"
  }
},
{
  "model": "masters.masterweektimetable",
  "pk": 3,
  "fields": {
    "master": 4,
    "week_start": "2026-04-13",
    "monday_hours": "",
    "tuesday_hours": "9-15",
    "wednesday_hours": "9-16",
    "thursday_hours": "9-16",
    "friday_hours": "9-15",
    "saturday_hours": "9-15",
    "sunday_hours": "11-14",
    "created_at": "2026-04-04T16:44:32.396Z",
    "updated_at": "2026-04-17T16:08:29.501Z"
  }
},
{
  "model": "masters.masterweektimetable",
  "pk": 4,
  "fields": {
    "master": 4,
    "week_start": "2026-04-20",
    "monday_hours": "9-13",
    "tuesday_hours": "8-13",
    "wednesday_hours": "8-13",
    "thursday_hours": "8-13",
    "friday_hours": "8-13",
    "saturday_hours": "8-13",
    "sunday_hours": "",
    "created_at": "2026-04-04T16:44:32.446Z",
    "updated_at": "2026-04-20T10:13:57.355Z"
  }
},
{
  "model": "masters.masterweektimetable",
  "pk": 5,
  "fields": {
    "master": 4,
    "week_start": "2026-04-27",
    "monday_hours": "",
    "tuesday_hours": "9-15",
    "wednesday_hours": "9-16",
    "thursday_hours": "9-16",
    "friday_hours": "9-15",
    "saturday_hours": "9-15",
    "sunday_hours": "",
    "created_at": "2026-04-17T16:08:29.602Z",
    "updated_at": "2026-04-20T10:13:57.431Z"
  }
},
{
  "model": "masters.masterweektimetable",
  "pk": 6,
  "fields": {
    "master": 4,
    "week_start": "2026-05-04",
    "monday_hours": "",
    "tuesday_hours": "9-15",
    "wednesday_hours": "9-16",
    "thursday_hours": "9-16",
    "friday_hours": "9-15",
    "saturday_hours": "9-15",
    "sunday_hours": "",
    "created_at": "2026-04-17T16:08:29.629Z",
    "updated_at": "2026-04-20T10:13:57.487Z"
  }
},
{
  "model": "masters.masterweektimetable",
  "pk": 7,
  "fields": {
    "master": 5,
    "week_start": "2026-04-13",
    "monday_hours": "9-16",
    "tuesday_hours": "9-16",
    "wednesday_hours": "9-16",
    "thursday_hours": "9-16",
    "friday_hours": "9-16",
    "saturday_hours": "",
    "sunday_hours": "",
    "created_at": "2026-04-17T16:20:23.380Z",
    "updated_at": "2026-04-17T16:20:23.380Z"
  }
},
{
  "model": "masters.masterweektimetable",
  "pk": 8,
  "fields": {
    "master": 5,
    "week_start": "2026-04-20",
    "monday_hours": "9-17",
    "tuesday_hours": "9-17",
    "wednesday_hours": "9-17",
    "thursday_hours": "9-17",
    "friday_hours": "9-17",
    "saturday_hours": "",
    "sunday_hours": "",
    "created_at": "2026-04-17T16:20:23.415Z",
    "updated_at": "2026-04-17T16:20:23.415Z"
  }
},
{
  "model": "masters.masterweektimetable",
  "pk": 9,
  "fields": {
    "master": 5,
    "week_start": "2026-04-27",
    "monday_hours": "9-14",
    "tuesday_hours": "9-14",
    "wednesday_hours": "9-14",
    "thursday_hours": "9-14",
    "friday_hours": "9-14",
    "saturday_hours": "",
    "sunday_hours": "",
    "created_at": "2026-04-17T16:20:23.457Z",
    "updated_at": "2026-04-17T16:20:23.457Z"
  }
},
{
  "model": "masters.masterweektimetable",
  "pk": 10,
  "fields": {
    "master": 5,
    "week_start": "2026-05-04",
    "monday_hours": "9-12, 13-17",
    "tuesday_hours": "9-12, 13-17",
    "wednesday_hours": "9-12, 13-17",
    "thursday_hours": "9-12, 13-17",
    "friday_hours": "9-12, 13-17",
    "saturday_hours": "",
    "sunday_hours": "",
    "created_at": "2026-04-17T16:20:23.498Z",
    "updated_at": "2026-04-17T16:20:23.498Z"
  }
},
{
  "model": "masters.masterweektimetable",
  "pk": 11,
  "fields": {
    "master": 4,
    "week_start": "2026-05-11",
    "monday_hours": "",
    "tuesday_hours": "9-15",
    "wednesday_hours": "9-16",
    "thursday_hours": "9-16",
    "friday_hours": "9-15",
    "saturday_hours": "9-15",
    "sunday_hours": "11-14",
    "created_at": "2026-04-20T09:49:21.076Z",
    "updated_at": "2026-04-20T10:13:57.523Z"
  }
},
{
  "model": "masters.masterweektimetable",
  "pk": 12,
  "fields": {
    "master": 6,
    "week_start": "2026-04-20",
    "monday_hours": "10-14, 15-17",
    "tuesday_hours": "10-14, 15-17",
    "wednesday_hours": "10-14, 15-17",
    "thursday_hours": "10-14, 15-17",
    "friday_hours": "10-14, 15-17",
    "saturday_hours": "",
    "sunday_hours": "",
    "created_at": "2026-04-20T12:34:59.955Z",
    "updated_at": "2026-04-20T12:34:59.955Z"
  }
},
{
  "model": "masters.masterweektimetable",
  "pk": 13,
  "fields": {
    "master": 6,
    "week_start": "2026-04-27",
    "monday_hours": "9-14, 15-17",
    "tuesday_hours": "9-14, 15-17",
    "wednesday_hours": "9-14, 15-17",
    "thursday_hours": "9-14, 15-17",
    "friday_hours": "9-14, 15-17",
    "saturday_hours": "",
    "sunday_hours": "",
    "created_at": "2026-04-20T12:35:00.094Z",
    "updated_at": "2026-04-20T12:35:00.094Z"
  }
},
{
  "model": "masters.masterweektimetable",
  "pk": 14,
  "fields": {
    "master": 6,
    "week_start": "2026-05-04",
    "monday_hours": "8-14, 15-19",
    "tuesday_hours": "8-14, 15-19",
    "wednesday_hours": "8-14, 15-19",
    "thursday_hours": "8-14, 15-19",
    "friday_hours": "8-14, 15-19",
    "saturday_hours": "",
    "sunday_hours": "",
    "created_at": "2026-04-20T12:35:00.169Z",
    "updated_at": "2026-04-20T12:35:00.169Z"
  }
},
{
  "model": "masters.masterweektimetable",
  "pk": 15,
  "fields": {
    "master": 6,
    "week_start": "2026-05-11",
    "monday_hours": "8-13, 14-16",
    "tuesday_hours": "8-13, 14-16",
    "wednesday_hours": "8-13, 14-16",
    "thursday_hours": "8-13, 14-16",
    "friday_hours": "8-13, 14-16",
    "saturday_hours": "",
    "sunday_hours": "",
    "created_at": "2026-04-20T12:35:00.219Z",
    "updated_at": "2026-04-20T12:35:00.219Z"
  }
},
{
  "model": "bookings.booking",
  "pk": 35,
  "fields": {
    "client": [
      "myladyjane@ukr.net"
    ],
    "master": 4,
    "service": 43,
    "appointment_date": "2026-04-25",
    "start_time": "08:00:00",
    "end_time": "09:00:00",
    "status": "pending",
    "notes": "",
    "created_at": "2026-04-22T15:05:05.614Z"
  }
},
{
  "model": "bookings.booking",
  "pk": 36,
  "fields": {
    "client": [
      "myladyjane@ukr.net"
    ],
    "master": 4,
    "service": 41,
    "appointment_date": "2026-04-25",
    "start_time": "09:00:00",
    "end_time": "10:30:00",
    "status": "pending",
    "notes": "",
    "created_at": "2026-04-22T15:05:10.555Z"
  }
},
{
  "model": "bookings.booking",
  "pk": 37,
  "fields": {
    "client": [
      "myladyjane@ukr.net"
    ],
    "master": 4,
    "service": 42,
    "appointment_date": "2026-04-25",
    "start_time": "10:30:00",
    "end_time": "12:30:00",
    "status": "pending",
    "notes": "",
    "created_at": "2026-04-22T15:05:20.014Z"
  }
},
{
  "model": "bookings.booking",
  "pk": 38,
  "fields": {
    "client": [
      "myladyjane@ukr.net"
    ],
    "master": 6,
    "service": 31,
    "appointment_date": "2026-04-24",
    "start_time": "10:00:00",
    "end_time": "12:00:00",
    "status": "pending",
    "notes": "",
    "created_at": "2026-04-22T15:05:56.166Z"
  }
},
{
  "model": "bookings.booking",
  "pk": 39,
  "fields": {
    "client": [
      "myladyjane@ukr.net"
    ],
    "master": 6,
    "service": 30,
    "appointment_date": "2026-04-24",
    "start_time": "12:00:00",
    "end_time": "14:00:00",
    "status": "cancelled",
    "notes": "",
    "created_at": "2026-04-22T15:06:06.773Z"
  }
},
{
  "model": "bookings.booking",
  "pk": 40,
  "fields": {
    "client": [
      "alice@urk.net"
    ],
    "master": 5,
    "service": 39,
    "appointment_date": "2026-04-24",
    "start_time": "09:00:00",
    "end_time": "12:00:00",
    "status": "pending",
    "notes": "",
    "created_at": "2026-04-22T15:07:24.398Z"
  }
},
{
  "model": "bookings.booking",
  "pk": 41,
  "fields": {
    "client": [
      "alice@urk.net"
    ],
    "master": 5,
    "service": 40,
    "appointment_date": "2026-04-24",
    "start_time": "12:00:00",
    "end_time": "15:00:00",
    "status": "pending",
    "notes": "",
    "created_at": "2026-04-22T15:07:34.344Z"
  }
},
{
  "model": "bookings.booking",
  "pk": 42,
  "fields": {
    "client": [
      "alice@urk.net"
    ],
    "master": 5,
    "service": 38,
    "appointment_date": "2026-04-24",
    "start_time": "15:00:00",
    "end_time": "16:00:00",
    "status": "pending",
    "notes": "",
    "created_at": "2026-04-22T15:07:45.531Z"
  }
},
{
  "model": "bookings.booking",
  "pk": 43,
  "fields": {
    "client": [
      "alice@urk.net"
    ],
    "master": 5,
    "service": 37,
    "appointment_date": "2026-04-24",
    "start_time": "16:00:00",
    "end_time": "17:00:00",
    "status": "pending",
    "notes": "",
    "created_at": "2026-04-22T15:07:50.597Z"
  }
},
{
  "model": "bookings.booking",
  "pk": 44,
  "fields": {
    "client": [
      "lady.linton@gmail.com"
    ],
    "master": 5,
    "service": 37,
    "appointment_date": "2026-04-23",
    "start_time": "16:00:00",
    "end_time": "17:00:00",
    "status": "pending",
    "notes": "",
    "created_at": "2026-04-22T15:11:23.110Z"
  }
},
{
  "model": "bookings.booking",
  "pk": 45,
  "fields": {
    "client": [
      "lady.linton@gmail.com"
    ],
    "master": 4,
    "service": 42,
    "appointment_date": "2026-04-24",
    "start_time": "11:00:00",
    "end_time": "13:00:00",
    "status": "pending",
    "notes": "",
    "created_at": "2026-04-22T15:12:06.919Z"
  }
},
{
  "model": "bookings.booking",
  "pk": 46,
  "fields": {
    "client": [
      "myladyjane@ukr.net"
    ],
    "master": 6,
    "service": 30,
    "appointment_date": "2026-04-24",
    "start_time": "12:00:00",
    "end_time": "14:00:00",
    "status": "pending",
    "notes": "",
    "created_at": "2026-04-22T15:54:41.225Z"
  }
},
{
  "model": "bookings.booking",
  "pk": 47,
  "fields": {
    "client": [
      "myladyjane@ukr.net"
    ],
    "master": 6,
    "service": 30,
    "appointment_date": "2026-05-01",
    "start_time": "09:00:00",
    "end_time": "11:00:00",
    "status": "pending",
    "notes": "",
    "created_at": "2026-04-22T16:09:06.898Z"
  }
},
{
  "model": "chat.conversation",
  "pk": 1,
  "fields": {
    "created_at": "2026-03-14T13:52:12.589Z",
    "updated_at": "2026-03-14T13:54:04.628Z",
    "participants": [
      [
        "oksanahordych1@ukr.net"
      ],
      [
        "miastone@ukr.net"
      ]
    ]
  }
},
{
  "model": "chat.conversation",
  "pk": 2,
  "fields": {
    "created_at": "2026-03-14T14:01:30.287Z",
    "updated_at": "2026-04-20T10:24:37.037Z",
    "participants": [
      [
        "alice@urk.net"
      ],
      [
        "miastone@ukr.net"
      ]
    ]
  }
},
{
  "model": "chat.conversation",
  "pk": 3,
  "fields": {
    "created_at": "2026-04-13T15:02:31.513Z",
    "updated_at": "2026-04-22T14:24:37.834Z",
    "participants": [
      [
        "alice@urk.net"
      ],
      [
        "myladyjane@ukr.net"
      ]
    ]
  }
},
{
  "model": "chat.conversation",
  "pk": 4,
  "fields": {
    "created_at": "2026-04-20T10:13:49.614Z",
    "updated_at": "2026-04-22T15:12:26.249Z",
    "participants": [
      [
        "alice@urk.net"
      ],
      [
        "lady.linton@gmail.com"
      ]
    ]
  }
},
{
  "model": "chat.conversation",
  "pk": 5,
  "fields": {
    "created_at": "2026-04-20T13:06:15.910Z",
    "updated_at": "2026-04-20T13:07:58.478Z",
    "participants": [
      [
        "lady.linton@gmail.com"
      ],
      [
        "aemma@ukr.net"
      ]
    ]
  }
},
{
  "model": "chat.conversation",
  "pk": 6,
  "fields": {
    "created_at": "2026-04-22T15:53:50.888Z",
    "updated_at": "2026-04-22T16:09:06.922Z",
    "participants": [
      [
        "myladyjane@ukr.net"
      ],
      [
        "aemma@ukr.net"
      ]
    ]
  }
},
{
  "model": "chat.message",
  "pk": 1,
  "fields": {
    "conversation": 1,
    "sender": [
      "miastone@ukr.net"
    ],
    "text": "Hi, Alice",
    "created_at": "2026-03-14T13:52:26.398Z",
    "is_read": false
  }
},
{
  "model": "chat.message",
  "pk": 2,
  "fields": {
    "conversation": 1,
    "sender": [
      "miastone@ukr.net"
    ],
    "text": "!!!!!",
    "created_at": "2026-03-14T13:54:04.612Z",
    "is_read": false
  }
},
{
  "model": "chat.message",
  "pk": 3,
  "fields": {
    "conversation": 2,
    "sender": [
      "miastone@ukr.net"
    ],
    "text": "Alice hIIIII",
    "created_at": "2026-03-14T14:01:39.876Z",
    "is_read": true
  }
},
{
  "model": "chat.message",
  "pk": 4,
  "fields": {
    "conversation": 2,
    "sender": [
      "alice@urk.net"
    ],
    "text": "Hi mia, nice to see you",
    "created_at": "2026-03-14T14:02:14.127Z",
    "is_read": true
  }
},
{
  "model": "chat.message",
  "pk": 5,
  "fields": {
    "conversation": 2,
    "sender": [
      "miastone@ukr.net"
    ],
    "text": "What is your question?",
    "created_at": "2026-03-14T14:26:58.530Z",
    "is_read": true
  }
},
{
  "model": "chat.message",
  "pk": 6,
  "fields": {
    "conversation": 2,
    "sender": [
      "alice@urk.net"
    ],
    "text": "when you want to have your appointment?",
    "created_at": "2026-03-14T14:29:15.741Z",
    "is_read": true
  }
},
{
  "model": "chat.message",
  "pk": 7,
  "fields": {
    "conversation": 2,
    "sender": [
      "miastone@ukr.net"
    ],
    "text": "i would prefer sunday",
    "created_at": "2026-03-14T14:56:38.006Z",
    "is_read": true
  }
},
{
  "model": "chat.message",
  "pk": 8,
  "fields": {
    "conversation": 2,
    "sender": [
      "alice@urk.net"
    ],
    "text": "good",
    "created_at": "2026-03-14T15:01:18.971Z",
    "is_read": true
  }
},
{
  "model": "chat.message",
  "pk": 9,
  "fields": {
    "conversation": 2,
    "sender": [
      "alice@urk.net"
    ],
    "text": "!",
    "created_at": "2026-03-14T15:01:24.244Z",
    "is_read": true
  }
},
{
  "model": "chat.message",
  "pk": 10,
  "fields": {
    "conversation": 2,
    "sender": [
      "miastone@ukr.net"
    ],
    "text": "🥰",
    "created_at": "2026-03-14T15:06:27.637Z",
    "is_read": true
  }
},
{
  "model": "chat.message",
  "pk": 11,
  "fields": {
    "conversation": 2,
    "sender": [
      "alice@urk.net"
    ],
    "text": "Do you like my new profile photo?",
    "created_at": "2026-03-14T17:39:52.570Z",
    "is_read": true
  }
},
{
  "model": "chat.message",
  "pk": 12,
  "fields": {
    "conversation": 2,
    "sender": [
      "miastone@ukr.net"
    ],
    "text": "I dont see it unfortunately",
    "created_at": "2026-03-14T17:41:09.500Z",
    "is_read": true
  }
},
{
  "model": "chat.message",
  "pk": 13,
  "fields": {
    "conversation": 2,
    "sender": [
      "alice@urk.net"
    ],
    "text": "same with yours,  waiting for update then",
    "created_at": "2026-03-14T17:42:37.857Z",
    "is_read": true
  }
},
{
  "model": "chat.message",
  "pk": 14,
  "fields": {
    "conversation": 2,
    "sender": [
      "miastone@ukr.net"
    ],
    "text": "still dont see yours(((((((",
    "created_at": "2026-03-14T17:50:42.116Z",
    "is_read": true
  }
},
{
  "model": "chat.message",
  "pk": 15,
  "fields": {
    "conversation": 2,
    "sender": [
      "miastone@ukr.net"
    ],
    "text": "and now?",
    "created_at": "2026-03-14T18:04:24.686Z",
    "is_read": true
  }
},
{
  "model": "chat.message",
  "pk": 16,
  "fields": {
    "conversation": 2,
    "sender": [
      "alice@urk.net"
    ],
    "text": "still nothing",
    "created_at": "2026-03-14T18:05:03.202Z",
    "is_read": true
  }
},
{
  "model": "chat.message",
  "pk": 17,
  "fields": {
    "conversation": 2,
    "sender": [
      "miastone@ukr.net"
    ],
    "text": "same",
    "created_at": "2026-03-14T18:06:46.170Z",
    "is_read": true
  }
},
{
  "model": "chat.message",
  "pk": 18,
  "fields": {
    "conversation": 2,
    "sender": [
      "alice@urk.net"
    ],
    "text": "++++",
    "created_at": "2026-03-14T18:14:51.435Z",
    "is_read": true
  }
},
{
  "model": "chat.message",
  "pk": 19,
  "fields": {
    "conversation": 2,
    "sender": [
      "miastone@ukr.net"
    ],
    "text": "awfuuulllll dev of pics",
    "created_at": "2026-03-14T18:51:25.590Z",
    "is_read": true
  }
},
{
  "model": "chat.message",
  "pk": 20,
  "fields": {
    "conversation": 2,
    "sender": [
      "miastone@ukr.net"
    ],
    "text": "Alice!!!! I see your photo, Finally!",
    "created_at": "2026-03-24T18:55:38.349Z",
    "is_read": true
  }
},
{
  "model": "chat.message",
  "pk": 21,
  "fields": {
    "conversation": 2,
    "sender": [
      "alice@urk.net"
    ],
    "text": "and i see yours wonderfulll!!!",
    "created_at": "2026-03-24T18:56:35.158Z",
    "is_read": true
  }
},
{
  "model": "chat.message",
  "pk": 22,
  "fields": {
    "conversation": 2,
    "sender": [
      "alice@urk.net"
    ],
    "text": "!!!!!!!!!",
    "created_at": "2026-03-25T18:11:45.318Z",
    "is_read": true
  }
},
{
  "model": "chat.message",
  "pk": 23,
  "fields": {
    "conversation": 2,
    "sender": [
      "miastone@ukr.net"
    ],
    "text": "7",
    "created_at": "2026-03-25T18:12:25.272Z",
    "is_read": true
  }
},
{
  "model": "chat.message",
  "pk": 24,
  "fields": {
    "conversation": 2,
    "sender": [
      "miastone@ukr.net"
    ],
    "text": "hi",
    "created_at": "2026-04-02T17:03:28.110Z",
    "is_read": true
  }
},
{
  "model": "chat.message",
  "pk": 25,
  "fields": {
    "conversation": 2,
    "sender": [
      "alice@urk.net"
    ],
    "text": "!",
    "created_at": "2026-04-02T17:03:55.444Z",
    "is_read": true
  }
},
{
  "model": "chat.message",
  "pk": 26,
  "fields": {
    "conversation": 2,
    "sender": [
      "miastone@ukr.net"
    ],
    "text": "Looking fowward to see your profile!!!",
    "created_at": "2026-04-02T17:33:26.959Z",
    "is_read": true
  }
},
{
  "model": "chat.message",
  "pk": 27,
  "fields": {
    "conversation": 2,
    "sender": [
      "miastone@ukr.net"
    ],
    "text": "!",
    "created_at": "2026-04-03T17:56:40.408Z",
    "is_read": true
  }
},
{
  "model": "chat.message",
  "pk": 28,
  "fields": {
    "conversation": 2,
    "sender": [
      "miastone@ukr.net"
    ],
    "text": "See your prices cant wait to schedule an appointment!",
    "created_at": "2026-04-04T15:06:22.532Z",
    "is_read": true
  }
},
{
  "model": "chat.message",
  "pk": 29,
  "fields": {
    "conversation": 2,
    "sender": [
      "alice@urk.net"
    ],
    "text": "im thrilled tooo!",
    "created_at": "2026-04-04T15:07:26.267Z",
    "is_read": true
  }
},
{
  "model": "chat.message",
  "pk": 30,
  "fields": {
    "conversation": 2,
    "sender": [
      "miastone@ukr.net"
    ],
    "text": "wow I see your schedule",
    "created_at": "2026-04-04T16:50:55.181Z",
    "is_read": true
  }
},
{
  "model": "chat.message",
  "pk": 31,
  "fields": {
    "conversation": 2,
    "sender": [
      "alice@urk.net"
    ],
    "text": "good",
    "created_at": "2026-04-13T13:00:30.903Z",
    "is_read": true
  }
},
{
  "model": "chat.message",
  "pk": 32,
  "fields": {
    "conversation": 2,
    "sender": [
      "miastone@ukr.net"
    ],
    "text": "i see your price list! looking forward to book an appointment",
    "created_at": "2026-04-13T13:44:20.018Z",
    "is_read": true
  }
},
{
  "model": "chat.message",
  "pk": 33,
  "fields": {
    "conversation": 3,
    "sender": [
      "myladyjane@ukr.net"
    ],
    "text": "Hi alice, I am Jane, I have a quastion for you does this app have option to swich my accont to profesional account",
    "created_at": "2026-04-13T15:03:25.280Z",
    "is_read": true
  }
},
{
  "model": "chat.message",
  "pk": 34,
  "fields": {
    "conversation": 3,
    "sender": [
      "alice@urk.net"
    ],
    "text": "Hi Jane, I see you alredy filled your professional profile! Good luck in work!",
    "created_at": "2026-04-18T15:19:02.978Z",
    "is_read": true
  }
},
{
  "model": "chat.message",
  "pk": 35,
  "fields": {
    "conversation": 2,
    "sender": [
      "alice@urk.net"
    ],
    "text": "Hi thats good",
    "created_at": "2026-04-18T16:18:37.996Z",
    "is_read": true
  }
},
{
  "model": "chat.message",
  "pk": 36,
  "fields": {
    "conversation": 2,
    "sender": [
      "miastone@ukr.net"
    ],
    "text": "1",
    "created_at": "2026-04-18T16:19:43.033Z",
    "is_read": true
  }
},
{
  "model": "chat.message",
  "pk": 37,
  "fields": {
    "conversation": 2,
    "sender": [
      "miastone@ukr.net"
    ],
    "text": "2",
    "created_at": "2026-04-18T16:19:45.280Z",
    "is_read": true
  }
},
{
  "model": "chat.message",
  "pk": 38,
  "fields": {
    "conversation": 2,
    "sender": [
      "miastone@ukr.net"
    ],
    "text": "3",
    "created_at": "2026-04-18T16:19:47.794Z",
    "is_read": true
  }
},
{
  "model": "chat.message",
  "pk": 39,
  "fields": {
    "conversation": 4,
    "sender": [
      "alice@urk.net"
    ],
    "text": "Your appointment for \"Nails\" on 20.04.2026 at 15:00 has been cancelled by the master.\nReason: Sorry, Cat, but i have very urgent matters to attend at this time, hope it wiil be conviniount for you to rebook an appointment",
    "created_at": "2026-04-20T10:13:49.620Z",
    "is_read": true
  }
},
{
  "model": "chat.message",
  "pk": 40,
  "fields": {
    "conversation": 4,
    "sender": [
      "lady.linton@gmail.com"
    ],
    "text": "Hi, sure, I will book appointment for tomorow",
    "created_at": "2026-04-20T10:15:01.968Z",
    "is_read": true
  }
},
{
  "model": "chat.message",
  "pk": 41,
  "fields": {
    "conversation": 2,
    "sender": [
      "alice@urk.net"
    ],
    "text": "Your appointment for \"Nails\" on 21.04.2026 at 08:00 has been cancelled by the master.\nReason: Hi, Mia, sorry for cancelling but I cant start work tomorrow that early",
    "created_at": "2026-04-20T10:24:37.036Z",
    "is_read": true
  }
},
{
  "model": "chat.message",
  "pk": 42,
  "fields": {
    "conversation": 3,
    "sender": [
      "alice@urk.net"
    ],
    "text": "Hi, Jane! Do you have same issue with schedule as I have? Today twice my appointments disapered",
    "created_at": "2026-04-20T10:30:38.473Z",
    "is_read": true
  }
},
{
  "model": "chat.message",
  "pk": 43,
  "fields": {
    "conversation": 3,
    "sender": [
      "myladyjane@ukr.net"
    ],
    "text": "Hi, havent noticed yet, if ill see smth, i'd let you know!",
    "created_at": "2026-04-20T10:33:14.517Z",
    "is_read": true
  }
},
{
  "model": "chat.message",
  "pk": 44,
  "fields": {
    "conversation": 3,
    "sender": [
      "myladyjane@ukr.net"
    ],
    "text": "Your appointment for \"Online meeting\" on 24.04.2026 at 09:00 has been cancelled by the master.\nReason: Cancel appointment Test",
    "created_at": "2026-04-20T10:33:39.968Z",
    "is_read": true
  }
},
{
  "model": "chat.message",
  "pk": 45,
  "fields": {
    "conversation": 3,
    "sender": [
      "myladyjane@ukr.net"
    ],
    "text": "Your appointment for \"Online meeting\" on 24.04.2026 at 09:00 has been cancelled by the master.\nReason: Cancel test 2",
    "created_at": "2026-04-20T10:47:28.743Z",
    "is_read": true
  }
},
{
  "model": "chat.message",
  "pk": 46,
  "fields": {
    "conversation": 5,
    "sender": [
      "aemma@ukr.net"
    ],
    "text": "Yess Cat, tell me your adress, and I should inform you thst type of appointment must be paid 12 hours before appointment and client must cover cost of the taxi for stylist. Are you okay with that?",
    "created_at": "2026-04-20T13:07:58.467Z",
    "is_read": true
  }
},
{
  "model": "chat.message",
  "pk": 47,
  "fields": {
    "conversation": 3,
    "sender": [
      "myladyjane@ukr.net"
    ],
    "text": "Your appointment for \"Offline meting\" on 24.04.2026 at 10:00 has been cancelled by the master.\nReason: Test 3",
    "created_at": "2026-04-21T09:20:42.661Z",
    "is_read": true
  }
},
{
  "model": "chat.message",
  "pk": 48,
  "fields": {
    "conversation": 3,
    "sender": [
      "myladyjane@ukr.net"
    ],
    "text": "1",
    "created_at": "2026-04-22T14:20:36.164Z",
    "is_read": true
  }
},
{
  "model": "chat.message",
  "pk": 49,
  "fields": {
    "conversation": 3,
    "sender": [
      "myladyjane@ukr.net"
    ],
    "text": "21",
    "created_at": "2026-04-22T14:24:37.822Z",
    "is_read": true
  }
},
{
  "model": "chat.message",
  "pk": 50,
  "fields": {
    "conversation": 4,
    "sender": [
      "lady.linton@gmail.com"
    ],
    "text": "1",
    "created_at": "2026-04-22T15:12:26.241Z",
    "is_read": true
  }
},
{
  "model": "chat.message",
  "pk": 51,
  "fields": {
    "conversation": 6,
    "sender": [
      "aemma@ukr.net"
    ],
    "text": "Your appointment for \"Bridal makeup\" on 24.04.2026 at 12:00 has been cancelled by the master.\nReason: Test",
    "created_at": "2026-04-22T15:53:50.890Z",
    "is_read": true
  }
},
{
  "model": "chat.message",
  "pk": 52,
  "fields": {
    "conversation": 6,
    "sender": [
      "aemma@ukr.net"
    ],
    "text": "Ви забронювали «Bridal makeup» на 24.04.2026 о 12:00.\nЦя процедура передбачає обов'язкову передплату.\nБудь ласка, сплатіть її принаймні за 5 годин до візиту, інакше майстер скасує ваш запис.\nIBAN: UA453220010000026001987654321\nПризначення платежу: Payment for makeup services",
    "created_at": "2026-04-22T15:54:41.235Z",
    "is_read": true
  }
},
{
  "model": "chat.message",
  "pk": 53,
  "fields": {
    "conversation": 6,
    "sender": [
      "aemma@ukr.net"
    ],
    "text": "You have booked \"Bridal makeup\" on 01.05.2026 at 09:00.\nThis service requires a mandatory prepayment.\nPlease pay at least 5 hours before your visit; otherwise the master may cancel your booking.\nIBAN: UA453220010000026001987654321\nPayment reference: Payment for makeup services",
    "created_at": "2026-04-22T16:09:06.914Z",
    "is_read": true
  }
},
{
  "model": "admin.logentry",
  "pk": 1,
  "fields": {
    "action_time": "2026-03-13T18:41:30.553Z",
    "user": [
      "admin"
    ],
    "content_type": [
      "auth",
      "user"
    ],
    "object_id": "2",
    "object_repr": "anna@example.com",
    "action_flag": 3,
    "change_message": ""
  }
},
{
  "model": "admin.logentry",
  "pk": 2,
  "fields": {
    "action_time": "2026-03-13T18:41:30.553Z",
    "user": [
      "admin"
    ],
    "content_type": [
      "auth",
      "user"
    ],
    "object_id": "6",
    "object_repr": "mmmmmmmmmmmm@ukr.net",
    "action_flag": 3,
    "change_message": ""
  }
},
{
  "model": "admin.logentry",
  "pk": 3,
  "fields": {
    "action_time": "2026-03-13T18:41:30.553Z",
    "user": [
      "admin"
    ],
    "content_type": [
      "auth",
      "user"
    ],
    "object_id": "5",
    "object_repr": "oksanamaster@ukr.net",
    "action_flag": 3,
    "change_message": ""
  }
},
{
  "model": "admin.logentry",
  "pk": 4,
  "fields": {
    "action_time": "2026-03-13T18:41:30.553Z",
    "user": [
      "admin"
    ],
    "content_type": [
      "auth",
      "user"
    ],
    "object_id": "1",
    "object_repr": "test@example.com",
    "action_flag": 3,
    "change_message": ""
  }
}
]
