[
{
  "model": "auth.user",
  "fields": {
    "password": "pbkdf2_sha256$1200000$zAQwlux4NmH00iSAnGMsuT$gh0kPs0/+v/KEJTCSEeGGajwgTnD9wnSRGvMH/RbfC4=",
    "last_login": null,
    "is_superuser": false,
    "username": "oksanahordych1@ukr.net",
    "first_name": "",
    "last_name": "",
    "email": "oksanahordych1@ukr.net",
    "is_staff": false,
    "is_active": true,
    "date_joined": "2026-03-11T19:26:59.277Z",
    "groups": [],
    "user_permissions": []
  }
},
{
  "model": "auth.user",
  "fields": {
    "password": "pbkdf2_sha256$1200000$2yWJQXctCjMIs3II9lnHAM$6kSrcwaSiWP9kuJah4yoSDDu0dHfijLq5yOoHio8S1I=",
    "last_login": "2026-05-14T09:18:46.433Z",
    "is_superuser": true,
    "username": "admin",
    "first_name": "",
    "last_name": "",
    "email": "oksanahordych@gmail.com",
    "is_staff": true,
    "is_active": true,
    "date_joined": "2026-03-13T18:38:58.336Z",
    "groups": [],
    "user_permissions": []
  }
},
{
  "model": "auth.user",
  "fields": {
    "password": "pbkdf2_sha256$1200000$iInEFIrMdZgVMdgBDxljoJ$3aBf/F536i/zkNx8eQudioMV7MatuQ4Gl8d+DOlFmDA=",
    "last_login": null,
    "is_superuser": false,
    "username": "alice@urk.net",
    "first_name": "Alice",
    "last_name": "InWonderland",
    "email": "alice@urk.net",
    "is_staff": false,
    "is_active": true,
    "date_joined": "2026-03-13T18:48:14.047Z",
    "groups": [],
    "user_permissions": []
  }
},
{
  "model": "auth.user",
  "fields": {
    "password": "pbkdf2_sha256$1200000$90aFARfvl1721mDFKfYVqx$O2H9E+vg9LG3HPj3St3BTyaBU2BLOxYRz31mvMXL5dc=",
    "last_login": null,
    "is_superuser": false,
    "username": "miastone@ukr.net",
    "first_name": "Mia",
    "last_name": "Stone",
    "email": "miastone@ukr.net",
    "is_staff": false,
    "is_active": true,
    "date_joined": "2026-03-13T18:51:37.489Z",
    "groups": [],
    "user_permissions": []
  }
},
{
  "model": "auth.user",
  "fields": {
    "password": "pbkdf2_sha256$1200000$fGzOGaAghcsAlOytQbuie4$0ZOJK7SOoy90sOKtupzuhhjtzzF0bzp8R5ceSIJjSr0=",
    "last_login": null,
    "is_superuser": false,
    "username": "lady.linton@gmail.com",
    "first_name": "Cathy",
    "last_name": "Linton",
    "email": "lady.linton@gmail.com",
    "is_staff": false,
    "is_active": true,
    "date_joined": "2026-04-13T14:47:02.494Z",
    "groups": [],
    "user_permissions": []
  }
},
{
  "model": "auth.user",
  "fields": {
    "password": "pbkdf2_sha256$1200000$5mmYLg6GYLM2bBUYhrDYT7$GbX2H/j8Ym+LRL0aZtPnZV5z63ZbpHiG1fSh0Pa0+1Q=",
    "last_login": null,
    "is_superuser": false,
    "username": "myladyjane@ukr.net",
    "first_name": "Jane",
    "last_name": "Eyre",
    "email": "myladyjane@ukr.net",
    "is_staff": false,
    "is_active": true,
    "date_joined": "2026-04-13T15:00:27.841Z",
    "groups": [],
    "user_permissions": []
  }
},
{
  "model": "auth.user",
  "fields": {
    "password": "pbkdf2_sha256$1200000$80o6pK8hBo0D4lQCP7zYqH$l0Wsc99uhlQWCsThcwEADIQSqiiV+z+aNeNiHH6n+kU=",
    "last_login": null,
    "is_superuser": false,
    "username": "aemma@ukr.net",
    "first_name": "Aemma",
    "last_name": "Arryn",
    "email": "aemma@ukr.net",
    "is_staff": false,
    "is_active": true,
    "date_joined": "2026-04-20T12:31:03.636Z",
    "groups": [],
    "user_permissions": []
  }
},
{
  "model": "auth.user",
  "fields": {
    "password": "pbkdf2_sha256$1200000$6WKHfKkV5Xk4tFOlj26c6O$lDzcuwRFcsjcYK8BjkvO89SWC7ha0/uIGkZBzfxCOt8=",
    "last_login": null,
    "is_superuser": false,
    "username": "oks@ukr.net",
    "first_name": "Oksana",
    "last_name": "Test",
    "email": "oks@ukr.net",
    "is_staff": false,
    "is_active": true,
    "date_joined": "2026-04-25T14:32:14.474Z",
    "groups": [],
    "user_permissions": []
  }
},
{
  "model": "auth.user",
  "fields": {
    "password": "!JvxkKztuscNxld5KqOXZ8XErUJsgD3vgGAmHMdAd",
    "last_login": null,
    "is_superuser": false,
    "username": "oksana.hordych23@gmail.com",
    "first_name": "Îęńŕíŕ",
    "last_name": "Ăîđäč÷",
    "email": "oksana.hordych23@gmail.com",
    "is_staff": false,
    "is_active": true,
    "date_joined": "2026-05-09T16:15:11.607Z",
    "groups": [],
    "user_permissions": []
  }
},
{
  "model": "auth.user",
  "fields": {
    "password": "pbkdf2_sha256$1200000$lArq1ufCsQZmYIU8tyTuGt$1/wl16SO4uY8oSk+SwceqxsA6X/BPt6UvGIaAJ/4i2M=",
    "last_login": null,
    "is_superuser": false,
    "username": "agnes.mackenzie@mock.beautyapp.local",
    "first_name": "Agnes",
    "last_name": "MacKenzie",
    "email": "agnes.mackenzie@mock.beautyapp.local",
    "is_staff": false,
    "is_active": true,
    "date_joined": "2026-05-13T18:33:18.563Z",
    "groups": [],
    "user_permissions": []
  }
},
{
  "model": "auth.user",
  "fields": {
    "password": "pbkdf2_sha256$1200000$JY5NjpgpMQeuuemnyqShAt$HW2RX9JwDccPNwtrrd4qcOy96tli7KS3YMTjTfE9aE4=",
    "last_login": null,
    "is_superuser": false,
    "username": "zhanna.syrota@mock.beautyapp.local",
    "first_name": "Zhanna",
    "last_name": "Syrota",
    "email": "zhanna.syrota@mock.beautyapp.local",
    "is_staff": false,
    "is_active": true,
    "date_joined": "2026-05-13T18:33:19.101Z",
    "groups": [],
    "user_permissions": []
  }
},
{
  "model": "auth.user",
  "fields": {
    "password": "pbkdf2_sha256$1200000$GS725vSzDVrWxbUSM9CbkJ$xsjchctS3TKVCjKjyVwAbndMY76sbkMQEQ2UwVv6sl8=",
    "last_login": null,
    "is_superuser": false,
    "username": "marharyta.konovalets@mock.beautyapp.local",
    "first_name": "Marharyta",
    "last_name": "Konovalets",
    "email": "marharyta.konovalets@mock.beautyapp.local",
    "is_staff": false,
    "is_active": true,
    "date_joined": "2026-05-13T18:33:19.564Z",
    "groups": [],
    "user_permissions": []
  }
},
{
  "model": "auth.user",
  "fields": {
    "password": "pbkdf2_sha256$1200000$AnoIOuWVN6qV2lIJPB6J2X$mu/HdvFnROcn74c3AUumcB+xTRqJG9Ors3WU/OFRywk=",
    "last_login": null,
    "is_superuser": false,
    "username": "oleksandra.golub@mock.beautyapp.local",
    "first_name": "Oleksandra",
    "last_name": "Golub",
    "email": "oleksandra.golub@mock.beautyapp.local",
    "is_staff": false,
    "is_active": true,
    "date_joined": "2026-05-13T18:33:20.028Z",
    "groups": [],
    "user_permissions": []
  }
},
{
  "model": "auth.user",
  "fields": {
    "password": "pbkdf2_sha256$1200000$ZlxMObU7vFXTyQavKB8Npq$TSI6Cf0KbR1qrw/tY8ST8AxepTmeU+Tw/hNn3ltVOW4=",
    "last_login": null,
    "is_superuser": false,
    "username": "kateryna.smutniak@mock.beautyapp.local",
    "first_name": "Kateryna",
    "last_name": "Smutniak",
    "email": "kateryna.smutniak@mock.beautyapp.local",
    "is_staff": false,
    "is_active": true,
    "date_joined": "2026-05-13T18:33:20.569Z",
    "groups": [],
    "user_permissions": []
  }
},
{
  "model": "auth.user",
  "fields": {
    "password": "pbkdf2_sha256$1200000$qOZ9nfxT2E7HawfWkkiGyy$c3ZAyPSf8AjE9RaK+fs+0UEqKCS+uY0Gv14DMjbhVc4=",
    "last_login": null,
    "is_superuser": false,
    "username": "moderator@beautyapp.local",
    "first_name": "App",
    "last_name": "Moderator",
    "email": "moderator@beautyapp.local",
    "is_staff": true,
    "is_active": true,
    "date_joined": "2026-05-14T09:43:12.340Z",
    "groups": [],
    "user_permissions": []
  }
},
{
  "model": "auth.user",
  "fields": {
    "password": "pbkdf2_sha256$1200000$Z99wbw9tssVTSY7LkuTxoS$np5oIol2kaLi9mOU0iSEH4M9BZoWvsv4Q6akpfkOPCM=",
    "last_login": null,
    "is_superuser": false,
    "username": "oksanahordych@ukr.net",
    "first_name": "Oksana",
    "last_name": "Hordych",
    "email": "oksanahordych@ukr.net",
    "is_staff": false,
    "is_active": true,
    "date_joined": "2026-05-26T18:01:32.346Z",
    "groups": [],
    "user_permissions": []
  }
},
{
  "model": "users.userprofile",
  "pk": 4,
  "fields": {
    "user": [
      "oksanahordych1@ukr.net"
    ],
    "google_id": null,
    "avatar": null,
    "phone_number": ""
  }
},
{
  "model": "users.userprofile",
  "pk": 7,
  "fields": {
    "user": [
      "alice@urk.net"
    ],
    "google_id": null,
    "avatar": "https://res.cloudinary.com/dbbgctiio/image/upload/v1774377936/avatars/mkudifoxodnyurpvpec9.jpg",
    "phone_number": ""
  }
},
{
  "model": "users.userprofile",
  "pk": 8,
  "fields": {
    "user": [
      "miastone@ukr.net"
    ],
    "google_id": null,
    "avatar": "https://res.cloudinary.com/dbbgctiio/image/upload/v1774376889/avatars/o7atlbi5u8pijb4ykyoz.jpg",
    "phone_number": ""
  }
},
{
  "model": "users.userprofile",
  "pk": 9,
  "fields": {
    "user": [
      "lady.linton@gmail.com"
    ],
    "google_id": null,
    "avatar": "https://res.cloudinary.com/dbbgctiio/image/upload/v1776960603/avatars/gwpjglyutltz1laajzzi.jpg",
    "phone_number": ""
  }
},
{
  "model": "users.userprofile",
  "pk": 10,
  "fields": {
    "user": [
      "myladyjane@ukr.net"
    ],
    "google_id": null,
    "avatar": "https://res.cloudinary.com/dbbgctiio/image/upload/v1776442832/avatars/njuriji4hedeiccuvfak.jpg",
    "phone_number": ""
  }
},
{
  "model": "users.userprofile",
  "pk": 11,
  "fields": {
    "user": [
      "aemma@ukr.net"
    ],
    "google_id": null,
    "avatar": "https://res.cloudinary.com/dbbgctiio/image/upload/v1776688278/avatars/ewxaopzxj6hy2elip8w1.jpg",
    "phone_number": ""
  }
},
{
  "model": "users.userprofile",
  "pk": 12,
  "fields": {
    "user": [
      "oks@ukr.net"
    ],
    "google_id": null,
    "avatar": null,
    "phone_number": ""
  }
},
{
  "model": "users.userprofile",
  "pk": 13,
  "fields": {
    "user": [
      "oksana.hordych23@gmail.com"
    ],
    "google_id": "109604140688740876715",
    "avatar": "https://lh3.googleusercontent.com/a/ACg8ocK0oViFWuRyH-RZCETmtUVs2uyeQ36-qbHWSLqD7ue53hyXyw=s96-c",
    "phone_number": ""
  }
},
{
  "model": "users.userprofile",
  "pk": 15,
  "fields": {
    "user": [
      "agnes.mackenzie@mock.beautyapp.local"
    ],
    "google_id": null,
    "avatar": "https://res.cloudinary.com/dbbgctiio/image/upload/v1778697927/avatars/jklfepmne8y2db47msdi.jpg",
    "phone_number": ""
  }
},
{
  "model": "users.userprofile",
  "pk": 16,
  "fields": {
    "user": [
      "zhanna.syrota@mock.beautyapp.local"
    ],
    "google_id": null,
    "avatar": null,
    "phone_number": ""
  }
},
{
  "model": "users.userprofile",
  "pk": 17,
  "fields": {
    "user": [
      "marharyta.konovalets@mock.beautyapp.local"
    ],
    "google_id": null,
    "avatar": null,
    "phone_number": ""
  }
},
{
  "model": "users.userprofile",
  "pk": 18,
  "fields": {
    "user": [
      "oleksandra.golub@mock.beautyapp.local"
    ],
    "google_id": null,
    "avatar": "https://res.cloudinary.com/dbbgctiio/image/upload/v1778699369/avatars/zaop48qafg9yxjsn8box.jpg",
    "phone_number": ""
  }
},
{
  "model": "users.userprofile",
  "pk": 19,
  "fields": {
    "user": [
      "kateryna.smutniak@mock.beautyapp.local"
    ],
    "google_id": null,
    "avatar": null,
    "phone_number": ""
  }
},
{
  "model": "users.userprofile",
  "pk": 20,
  "fields": {
    "user": [
      "moderator@beautyapp.local"
    ],
    "google_id": null,
    "avatar": null,
    "phone_number": ""
  }
},
{
  "model": "users.userprofile",
  "pk": 21,
  "fields": {
    "user": [
      "oksanahordych@ukr.net"
    ],
    "google_id": null,
    "avatar": "https://res.cloudinary.com/dbbgctiio/image/upload/v1779819444/avatars/gbzkfxidar8gxr16mm4e.jpg",
    "phone_number": ""
  }
},
{
  "model": "users.emailverificationcode",
  "pk": 2,
  "fields": {
    "email": "missycooper@gmail.corn",
    "code_hash": "bc259e071e2eaaf73edbb132cc247048cbe3d2c66111b1c075565f20731daf40",
    "expires_at": "2026-05-11T18:36:14.793Z",
    "attempts": 0,
    "created_at": "2026-05-11T18:26:16.185Z",
    "updated_at": "2026-05-11T18:26:16.185Z"
  }
},
{
  "model": "users.client",
  "pk": 1,
  "fields": {
    "user": [
      "oksanahordych1@ukr.net"
    ],
    "name": "oksanahordych1@ukr.net",
    "user_name": "",
    "email": "oksanahordych1@ukr.net",
    "phone_number": "",
    "location": "",
    "age": null,
    "height_sm": null,
    "eyes_color": "",
    "skin_color": "",
    "hair_color": "",
    "image_url": "",
    "face_shape": "",
    "forehead_height": "",
    "eye_shape": "",
    "eye_size": "",
    "nose_shape": "",
    "lips_fullness": "",
    "chin_shape": "",
    "brow_thickness": "",
    "brow_arch": "",
    "undertone": "",
    "freckles": false,
    "tanning_reaction": "",
    "shoulders_width": "",
    "bust": null,
    "waist": null,
    "hips": null,
    "leg_length_ratio": ""
  }
},
{
  "model": "users.client",
  "pk": 5,
  "fields": {
    "user": [
      "alice@urk.net"
    ],
    "name": "Alice InWonderland",
    "user_name": "",
    "email": "alice@urk.net",
    "phone_number": "",
    "location": "",
    "age": null,
    "height_sm": null,
    "eyes_color": "",
    "skin_color": "",
    "hair_color": "",
    "image_url": "",
    "face_shape": "",
    "forehead_height": "",
    "eye_shape": "",
    "eye_size": "",
    "nose_shape": "",
    "lips_fullness": "",
    "chin_shape": "",
    "brow_thickness": "",
    "brow_arch": "",
    "undertone": "",
    "freckles": false,
    "tanning_reaction": "",
    "shoulders_width": "",
    "bust": null,
    "waist": null,
    "hips": null,
    "leg_length_ratio": ""
  }
},
{
  "model": "users.client",
  "pk": 6,
  "fields": {
    "user": [
      "miastone@ukr.net"
    ],
    "name": "Mia Stone",
    "user_name": "",
    "email": "miastone@ukr.net",
    "phone_number": "",
    "location": "",
    "age": null,
    "height_sm": null,
    "eyes_color": "",
    "skin_color": "",
    "hair_color": "",
    "image_url": "",
    "face_shape": "",
    "forehead_height": "",
    "eye_shape": "",
    "eye_size": "",
    "nose_shape": "",
    "lips_fullness": "",
    "chin_shape": "",
    "brow_thickness": "",
    "brow_arch": "",
    "undertone": "",
    "freckles": false,
    "tanning_reaction": "",
    "shoulders_width": "",
    "bust": null,
    "waist": null,
    "hips": null,
    "leg_length_ratio": ""
  }
},
{
  "model": "users.client",
  "pk": 7,
  "fields": {
    "user": [
      "lady.linton@gmail.com"
    ],
    "name": "Cathy Linton",
    "user_name": "",
    "email": "lady.linton@gmail.com",
    "phone_number": "",
    "location": "Lviv",
    "age": null,
    "height_sm": null,
    "eyes_color": "",
    "skin_color": "",
    "hair_color": "",
    "image_url": "",
    "face_shape": "",
    "forehead_height": "",
    "eye_shape": "",
    "eye_size": "",
    "nose_shape": "",
    "lips_fullness": "",
    "chin_shape": "",
    "brow_thickness": "",
    "brow_arch": "",
    "undertone": "",
    "freckles": false,
    "tanning_reaction": "",
    "shoulders_width": "",
    "bust": null,
    "waist": null,
    "hips": null,
    "leg_length_ratio": ""
  }
},
{
  "model": "users.client",
  "pk": 8,
  "fields": {
    "user": [
      "myladyjane@ukr.net"
    ],
    "name": "Jane Eyre",
    "user_name": "",
    "email": "myladyjane@ukr.net",
    "phone_number": "",
    "location": "",
    "age": null,
    "height_sm": null,
    "eyes_color": "",
    "skin_color": "",
    "hair_color": "",
    "image_url": "",
    "face_shape": "",
    "forehead_height": "",
    "eye_shape": "",
    "eye_size": "",
    "nose_shape": "",
    "lips_fullness": "",
    "chin_shape": "",
    "brow_thickness": "",
    "brow_arch": "",
    "undertone": "",
    "freckles": false,
    "tanning_reaction": "",
    "shoulders_width": "",
    "bust": null,
    "waist": null,
    "hips": null,
    "leg_length_ratio": ""
  }
},
{
  "model": "users.client",
  "pk": 9,
  "fields": {
    "user": [
      "aemma@ukr.net"
    ],
    "name": "Aemma Arryn",
    "user_name": "",
    "email": "aemma@ukr.net",
    "phone_number": "",
    "location": "",
    "age": null,
    "height_sm": null,
    "eyes_color": "",
    "skin_color": "",
    "hair_color": "",
    "image_url": "",
    "face_shape": "",
    "forehead_height": "",
    "eye_shape": "",
    "eye_size": "",
    "nose_shape": "",
    "lips_fullness": "",
    "chin_shape": "",
    "brow_thickness": "",
    "brow_arch": "",
    "undertone": "",
    "freckles": false,
    "tanning_reaction": "",
    "shoulders_width": "",
    "bust": null,
    "waist": null,
    "hips": null,
    "leg_length_ratio": ""
  }
},
{
  "model": "users.client",
  "pk": 10,
  "fields": {
    "user": [
      "oks@ukr.net"
    ],
    "name": "Oksana Test",
    "user_name": "",
    "email": "oks@ukr.net",
    "phone_number": "",
    "location": "",
    "age": null,
    "height_sm": null,
    "eyes_color": "",
    "skin_color": "",
    "hair_color": "",
    "image_url": "",
    "face_shape": "",
    "forehead_height": "",
    "eye_shape": "",
    "eye_size": "",
    "nose_shape": "",
    "lips_fullness": "",
    "chin_shape": "",
    "brow_thickness": "",
    "brow_arch": "",
    "undertone": "",
    "freckles": false,
    "tanning_reaction": "",
    "shoulders_width": "",
    "bust": null,
    "waist": null,
    "hips": null,
    "leg_length_ratio": ""
  }
},
{
  "model": "users.client",
  "pk": 11,
  "fields": {
    "user": [
      "oksana.hordych23@gmail.com"
    ],
    "name": "Îęńŕíŕ Ăîđäč÷",
    "user_name": "",
    "email": "oksana.hordych23@gmail.com",
    "phone_number": "",
    "location": "",
    "age": null,
    "height_sm": null,
    "eyes_color": "",
    "skin_color": "",
    "hair_color": "",
    "image_url": "",
    "face_shape": "",
    "forehead_height": "",
    "eye_shape": "",
    "eye_size": "",
    "nose_shape": "",
    "lips_fullness": "",
    "chin_shape": "",
    "brow_thickness": "",
    "brow_arch": "",
    "undertone": "",
    "freckles": false,
    "tanning_reaction": "",
    "shoulders_width": "",
    "bust": null,
    "waist": null,
    "hips": null,
    "leg_length_ratio": ""
  }
},
{
  "model": "users.client",
  "pk": 13,
  "fields": {
    "user": [
      "agnes.mackenzie@mock.beautyapp.local"
    ],
    "name": "Agnes MacKenzie",
    "user_name": "",
    "email": "agnes.mackenzie@mock.beautyapp.local",
    "phone_number": "",
    "location": "",
    "age": null,
    "height_sm": null,
    "eyes_color": "",
    "skin_color": "",
    "hair_color": "",
    "image_url": "",
    "face_shape": "",
    "forehead_height": "",
    "eye_shape": "",
    "eye_size": "",
    "nose_shape": "",
    "lips_fullness": "",
    "chin_shape": "",
    "brow_thickness": "",
    "brow_arch": "",
    "undertone": "",
    "freckles": false,
    "tanning_reaction": "",
    "shoulders_width": "",
    "bust": null,
    "waist": null,
    "hips": null,
    "leg_length_ratio": ""
  }
},
{
  "model": "users.client",
  "pk": 14,
  "fields": {
    "user": [
      "zhanna.syrota@mock.beautyapp.local"
    ],
    "name": "Zhanna Syrota",
    "user_name": "",
    "email": "zhanna.syrota@mock.beautyapp.local",
    "phone_number": "",
    "location": "",
    "age": null,
    "height_sm": null,
    "eyes_color": "",
    "skin_color": "",
    "hair_color": "",
    "image_url": "",
    "face_shape": "",
    "forehead_height": "",
    "eye_shape": "",
    "eye_size": "",
    "nose_shape": "",
    "lips_fullness": "",
    "chin_shape": "",
    "brow_thickness": "",
    "brow_arch": "",
    "undertone": "",
    "freckles": false,
    "tanning_reaction": "",
    "shoulders_width": "",
    "bust": null,
    "waist": null,
    "hips": null,
    "leg_length_ratio": ""
  }
},
{
  "model": "users.client",
  "pk": 15,
  "fields": {
    "user": [
      "marharyta.konovalets@mock.beautyapp.local"
    ],
    "name": "Marharyta Konovalets",
    "user_name": "",
    "email": "marharyta.konovalets@mock.beautyapp.local",
    "phone_number": "",
    "location": "",
    "age": null,
    "height_sm": null,
    "eyes_color": "",
    "skin_color": "",
    "hair_color": "",
    "image_url": "",
    "face_shape": "",
    "forehead_height": "",
    "eye_shape": "",
    "eye_size": "",
    "nose_shape": "",
    "lips_fullness": "",
    "chin_shape": "",
    "brow_thickness": "",
    "brow_arch": "",
    "undertone": "",
    "freckles": false,
    "tanning_reaction": "",
    "shoulders_width": "",
    "bust": null,
    "waist": null,
    "hips": null,
    "leg_length_ratio": ""
  }
},
{
  "model": "users.client",
  "pk": 16,
  "fields": {
    "user": [
      "oleksandra.golub@mock.beautyapp.local"
    ],
    "name": "Oleksandra Golub",
    "user_name": "",
    "email": "oleksandra.golub@mock.beautyapp.local",
    "phone_number": "",
    "location": "",
    "age": null,
    "height_sm": null,
    "eyes_color": "",
    "skin_color": "",
    "hair_color": "",
    "image_url": "",
    "face_shape": "",
    "forehead_height": "",
    "eye_shape": "",
    "eye_size": "",
    "nose_shape": "",
    "lips_fullness": "",
    "chin_shape": "",
    "brow_thickness": "",
    "brow_arch": "",
    "undertone": "",
    "freckles": false,
    "tanning_reaction": "",
    "shoulders_width": "",
    "bust": null,
    "waist": null,
    "hips": null,
    "leg_length_ratio": ""
  }
},
{
  "model": "users.client",
  "pk": 17,
  "fields": {
    "user": [
      "kateryna.smutniak@mock.beautyapp.local"
    ],
    "name": "Kateryna Smutniak",
    "user_name": "",
    "email": "kateryna.smutniak@mock.beautyapp.local",
    "phone_number": "",
    "location": "",
    "age": null,
    "height_sm": null,
    "eyes_color": "",
    "skin_color": "",
    "hair_color": "",
    "image_url": "",
    "face_shape": "",
    "forehead_height": "",
    "eye_shape": "",
    "eye_size": "",
    "nose_shape": "",
    "lips_fullness": "",
    "chin_shape": "",
    "brow_thickness": "",
    "brow_arch": "",
    "undertone": "",
    "freckles": false,
    "tanning_reaction": "",
    "shoulders_width": "",
    "bust": null,
    "waist": null,
    "hips": null,
    "leg_length_ratio": ""
  }
},
{
  "model": "users.client",
  "pk": 18,
  "fields": {
    "user": [
      "moderator@beautyapp.local"
    ],
    "name": "App Moderator",
    "user_name": "",
    "email": "moderator@beautyapp.local",
    "phone_number": "",
    "location": "",
    "age": null,
    "height_sm": null,
    "eyes_color": "",
    "skin_color": "",
    "hair_color": "",
    "image_url": "",
    "face_shape": "",
    "forehead_height": "",
    "eye_shape": "",
    "eye_size": "",
    "nose_shape": "",
    "lips_fullness": "",
    "chin_shape": "",
    "brow_thickness": "",
    "brow_arch": "",
    "undertone": "",
    "freckles": false,
    "tanning_reaction": "",
    "shoulders_width": "",
    "bust": null,
    "waist": null,
    "hips": null,
    "leg_length_ratio": ""
  }
},
{
  "model": "users.client",
  "pk": 19,
  "fields": {
    "user": [
      "oksanahordych@ukr.net"
    ],
    "name": "Oksana Hordych",
    "user_name": "",
    "email": "oksanahordych@ukr.net",
    "phone_number": "",
    "location": "Alexandria",
    "age": null,
    "height_sm": null,
    "eyes_color": "",
    "skin_color": "",
    "hair_color": "",
    "image_url": "",
    "face_shape": "",
    "forehead_height": "",
    "eye_shape": "",
    "eye_size": "",
    "nose_shape": "",
    "lips_fullness": "",
    "chin_shape": "",
    "brow_thickness": "",
    "brow_arch": "",
    "undertone": "",
    "freckles": false,
    "tanning_reaction": "",
    "shoulders_width": "",
    "bust": null,
    "waist": null,
    "hips": null,
    "leg_length_ratio": ""
  }
},
{
  "model": "users.favoritemaster",
  "pk": 1,
  "fields": {
    "user": [
      "aemma@ukr.net"
    ],
    "master": 4,
    "created_at": "2026-05-13T18:26:17.490Z"
  }
},
{
  "model": "users.favoritemaster",
  "pk": 3,
  "fields": {
    "user": [
      "aemma@ukr.net"
    ],
    "master": 5,
    "created_at": "2026-05-13T18:29:23.004Z"
  }
},
{
  "model": "users.favoritemaster",
  "pk": 4,
  "fields": {
    "user": [
      "agnes.mackenzie@mock.beautyapp.local"
    ],
    "master": 5,
    "created_at": "2026-05-13T18:52:14.653Z"
  }
},
{
  "model": "users.favoritemaster",
  "pk": 5,
  "fields": {
    "user": [
      "lady.linton@gmail.com"
    ],
    "master": 5,
    "created_at": "2026-05-13T19:19:03.720Z"
  }
},
{
  "model": "users.favoritemaster",
  "pk": 6,
  "fields": {
    "user": [
      "oksana.hordych23@gmail.com"
    ],
    "master": 5,
    "created_at": "2026-05-14T10:53:53.648Z"
  }
},
{
  "model": "users.favoritemaster",
  "pk": 7,
  "fields": {
    "user": [
      "myladyjane@ukr.net"
    ],
    "master": 7,
    "created_at": "2026-05-14T12:31:14.453Z"
  }
},
{
  "model": "users.favoritemaster",
  "pk": 9,
  "fields": {
    "user": [
      "oksana.hordych23@gmail.com"
    ],
    "master": 7,
    "created_at": "2026-05-20T12:37:28.916Z"
  }
},
{
  "model": "users.favoritemaster",
  "pk": 10,
  "fields": {
    "user": [
      "oksanahordych@ukr.net"
    ],
    "master": 7,
    "created_at": "2026-05-26T18:10:35.131Z"
  }
},
{
  "model": "users.userreport",
  "pk": 1,
  "fields": {
    "target": [
      "miastone@ukr.net"
    ],
    "reporter": [
      "alice@urk.net"
    ],
    "reason": "fake_profile",
    "text": "",
    "created_at": "2026-05-14T10:30:07.487Z"
  }
},
{
  "model": "users.userreport",
  "pk": 2,
  "fields": {
    "target": [
      "kateryna.smutniak@mock.beautyapp.local"
    ],
    "reporter": [
      "alice@urk.net"
    ],
    "reason": "other",
    "text": "",
    "created_at": "2026-05-14T10:30:54.941Z"
  }
},
{
  "model": "users.userreport",
  "pk": 3,
  "fields": {
    "target": [
      "oksana.hordych23@gmail.com"
    ],
    "reporter": [
      "agnes.mackenzie@mock.beautyapp.local"
    ],
    "reason": "other",
    "text": "Ignores appointments",
    "created_at": "2026-05-14T10:34:22.251Z"
  }
},
{
  "model": "users.userreport",
  "pk": 4,
  "fields": {
    "target": [
      "alice@urk.net"
    ],
    "reporter": [
      "oksana.hordych23@gmail.com"
    ],
    "reason": "spam",
    "text": "",
    "created_at": "2026-05-14T10:52:49.794Z"
  }
},
{
  "model": "users.userreport",
  "pk": 8,
  "fields": {
    "target": [
      "myladyjane@ukr.net"
    ],
    "reporter": [
      "oleksandra.golub@mock.beautyapp.local"
    ],
    "reason": "fake_profile",
    "text": "test",
    "created_at": "2026-05-19T16:43:53.655Z"
  }
},
{
  "model": "users.userreport",
  "pk": 9,
  "fields": {
    "target": [
      "aemma@ukr.net"
    ],
    "reporter": [
      "agnes.mackenzie@mock.beautyapp.local"
    ],
    "reason": "fake_profile",
    "text": "profile's content clearly based on AI content",
    "created_at": "2026-05-26T18:22:05.467Z"
  }
},
{
  "model": "masters.master",
  "pk": 1,
  "fields": {
    "user": null,
    "name": "Ŕííŕ ˛âŕíĺíęî",
    "specialization": "Ěŕéńňĺđ ěŕíłęţđó",
    "city": "Ęčżâ",
    "address": "âóë. Őđĺůŕňčę, 1",
    "experience_years": 5,
    "description": "Äîńâłä÷ĺíčé ěŕéńňĺđ...",
    "profile_photo": "https://example.com/anna.jpg",
    "monday_hours": "",
    "tuesday_hours": "",
    "wednesday_hours": "",
    "thursday_hours": "",
    "friday_hours": "",
    "saturday_hours": "",
    "sunday_hours": "",
    "rating": 0.0,
    "review_count": 0,
    "is_active": true,
    "created_at": "2026-03-07T13:19:29.633Z",
    "iban": "",
    "payment_purpose": ""
  }
},
{
  "model": "masters.master",
  "pk": 2,
  "fields": {
    "user": null,
    "name": "OksanaMaster",
    "specialization": "Stylist",
    "city": "Rivne",
    "address": "Svobody, 45",
    "experience_years": 3,
    "description": "Nnnnnannanna",
    "profile_photo": "",
    "monday_hours": "",
    "tuesday_hours": "",
    "wednesday_hours": "",
    "thursday_hours": "",
    "friday_hours": "",
    "saturday_hours": "",
    "sunday_hours": "",
    "rating": 0.0,
    "review_count": 0,
    "is_active": true,
    "created_at": "2026-03-13T17:48:08.594Z",
    "iban": "",
    "payment_purpose": ""
  }
},
{
  "model": "masters.master",
  "pk": 4,
  "fields": {
    "user": [
      "alice@urk.net"
    ],
    "name": "Alice InWonderland",
    "specialization": "Nails Master",
    "city": "Sarny",
    "address": "Evropeuska, 18a",
    "experience_years": 2,
    "description": "Gooooood!",
    "profile_photo": "https://res.cloudinary.com/dbbgctiio/image/upload/v1774377936/avatars/mkudifoxodnyurpvpec9.jpg",
    "monday_hours": "",
    "tuesday_hours": "9-15",
    "wednesday_hours": "9-16",
    "thursday_hours": "9-16",
    "friday_hours": "9-15",
    "saturday_hours": "9-15",
    "sunday_hours": "",
    "rating": 5.0,
    "review_count": 2,
    "is_active": true,
    "created_at": "2026-03-13T18:48:15.412Z",
    "iban": "",
    "payment_purpose": ""
  }
},
{
  "model": "masters.master",
  "pk": 5,
  "fields": {
    "user": [
      "myladyjane@ukr.net"
    ],
    "name": "Jane Eyre",
    "specialization": "Personal stylist/image consultant",
    "city": "London",
    "address": "18 King William Street",
    "experience_years": 4,
    "description": "Helping you discover a signature style that elevates your confidence and perfectly aligns with your lifestyle.",
    "profile_photo": "https://res.cloudinary.com/dbbgctiio/image/upload/v1776442832/avatars/njuriji4hedeiccuvfak.jpg",
    "monday_hours": "9-17",
    "tuesday_hours": "9-17",
    "wednesday_hours": "9-17",
    "thursday_hours": "9-15",
    "friday_hours": "9-17",
    "saturday_hours": "10-15",
    "sunday_hours": "",
    "rating": 5.0,
    "review_count": 1,
    "is_active": true,
    "created_at": "2026-04-17T16:15:30.059Z",
    "iban": "",
    "payment_purpose": ""
  }
},
{
  "model": "masters.master",
  "pk": 6,
  "fields": {
    "user": [
      "aemma@ukr.net"
    ],
    "name": "Aemma Arryn",
    "specialization": "Makeup",
    "city": "London",
    "address": "124 City Road",
    "experience_years": 5,
    "description": "Dedicated to making you look and feel your absolute best. From soft, glowing skin to dramatic transformations, I specialize in bespoke makeup artistry for any occasion. Let's create your perfect look.",
    "profile_photo": "https://res.cloudinary.com/dbbgctiio/image/upload/v1776688278/avatars/ewxaopzxj6hy2elip8w1.jpg",
    "monday_hours": "10-13",
    "tuesday_hours": "8-13",
    "wednesday_hours": "8-13",
    "thursday_hours": "8-13",
    "friday_hours": "8-13",
    "saturday_hours": "11-15",
    "sunday_hours": "11-15",
    "rating": 4.5,
    "review_count": 2,
    "is_active": true,
    "created_at": "2026-04-20T12:31:04.801Z",
    "iban": "UA453220010000026001987654321",
    "payment_purpose": "Payment for makeup services"
  }
},
{
  "model": "masters.master",
  "pk": 7,
  "fields": {
    "user": [
      "agnes.mackenzie@mock.beautyapp.local"
    ],
    "name": "Agnes MacKenzie",
    "specialization": "Stylist",
    "city": "Lviv",
    "address": "",
    "experience_years": 3,
    "description": "A stylist specializing in classic, bohemian, glamorous, and romantic fashion aesthetics. Creates personalized looks that combine elegance, femininity, and individuality for both everyday wear and special occasions. Passionate about helping clients express their personality through refined style choices.",
    "profile_photo": "https://res.cloudinary.com/dbbgctiio/image/upload/v1778697927/avatars/jklfepmne8y2db47msdi.jpg",
    "monday_hours": "8-17",
    "tuesday_hours": "8-17",
    "wednesday_hours": "8-17",
    "thursday_hours": "8-17",
    "friday_hours": "8-17",
    "saturday_hours": "8-17",
    "sunday_hours": "8-17",
    "rating": 5.0,
    "review_count": 2,
    "is_active": true,
    "created_at": "2026-05-13T18:33:19.089Z",
    "iban": "UA99 3204 7800 0001 2345 6789 0123 4",
    "payment_purpose": "Payment for beauty services"
  }
},
{
  "model": "masters.master",
  "pk": 8,
  "fields": {
    "user": [
      "zhanna.syrota@mock.beautyapp.local"
    ],
    "name": "Zhanna Syrota",
    "specialization": "Cosmetologist",
    "city": "",
    "address": "",
    "experience_years": 0,
    "description": "",
    "profile_photo": "",
    "monday_hours": "",
    "tuesday_hours": "",
    "wednesday_hours": "",
    "thursday_hours": "",
    "friday_hours": "",
    "saturday_hours": "",
    "sunday_hours": "",
    "rating": 0.0,
    "review_count": 0,
    "is_active": true,
    "created_at": "2026-05-13T18:33:19.562Z",
    "iban": "",
    "payment_purpose": ""
  }
},
{
  "model": "masters.master",
  "pk": 9,
  "fields": {
    "user": [
      "marharyta.konovalets@mock.beautyapp.local"
    ],
    "name": "Marharyta Konovalets",
    "specialization": "Make up artist",
    "city": "",
    "address": "",
    "experience_years": 0,
    "description": "",
    "profile_photo": "",
    "monday_hours": "",
    "tuesday_hours": "",
    "wednesday_hours": "",
    "thursday_hours": "",
    "friday_hours": "",
    "saturday_hours": "",
    "sunday_hours": "",
    "rating": 0.0,
    "review_count": 0,
    "is_active": true,
    "created_at": "2026-05-13T18:33:20.027Z",
    "iban": "",
    "payment_purpose": ""
  }
},
{
  "model": "masters.master",
  "pk": 10,
  "fields": {
    "user": [
      "oleksandra.golub@mock.beautyapp.local"
    ],
    "name": "Oleksandra Golub",
    "specialization": "Hair dresser",
    "city": "Lviv",
    "address": "",
    "experience_years": 6,
    "description": "A professional hairstylist specializing in haircuts, coloring, styling, and hair care treatments. Dedicated to creating modern, personalized looks that enhance each client’s natural beauty and confidence.",
    "profile_photo": "https://res.cloudinary.com/dbbgctiio/image/upload/v1778699369/avatars/zaop48qafg9yxjsn8box.jpg",
    "monday_hours": "8-12",
    "tuesday_hours": "8-12",
    "wednesday_hours": "8-13",
    "thursday_hours": "8-13",
    "friday_hours": "8-13",
    "saturday_hours": "8-13",
    "sunday_hours": "",
    "rating": 0.0,
    "review_count": 0,
    "is_active": true,
    "created_at": "2026-05-13T18:33:20.568Z",
    "iban": "UA123204780000026001234567890",
    "payment_purpose": "Payment for beauty services"
  }
},
{
  "model": "masters.master",
  "pk": 11,
  "fields": {
    "user": [
      "kateryna.smutniak@mock.beautyapp.local"
    ],
    "name": "Kateryna Smutniak",
    "specialization": "Hair dresser",
    "city": "",
    "address": "",
    "experience_years": 0,
    "description": "",
    "profile_photo": "",
    "monday_hours": "",
    "tuesday_hours": "",
    "wednesday_hours": "",
    "thursday_hours": "",
    "friday_hours": "",
    "saturday_hours": "",
    "sunday_hours": "",
    "rating": 0.0,
    "review_count": 0,
    "is_active": true,
    "created_at": "2026-05-13T18:33:21.120Z",
    "iban": "",
    "payment_purpose": ""
  }
},
{
  "model": "masters.masterservice",
  "pk": 30,
  "fields": {
    "master": 6,
    "name": "Bridal makeup",
    "price": "2600.00",
    "duration_minutes": 120,
    "requires_prepayment": true,
    "is_active": true
  }
},
{
  "model": "masters.masterservice",
  "pk": 31,
  "fields": {
    "master": 6,
    "name": "FullGlam makeup",
    "price": "2300.00",
    "duration_minutes": 120,
    "requires_prepayment": false,
    "is_active": true
  }
},
{
  "model": "masters.masterservice",
  "pk": 32,
  "fields": {
    "master": 6,
    "name": "Daily makeup",
    "price": "1000.00",
    "duration_minutes": 60,
    "requires_prepayment": false,
    "is_active": true
  }
},
{
  "model": "masters.masterservice",
  "pk": 33,
  "fields": {
    "master": 6,
    "name": "Makeup turorial",
    "price": "2000.00",
    "duration_minutes": 60,
    "requires_prepayment": false,
    "is_active": true
  }
},
{
  "model": "masters.masterservice",
  "pk": 37,
  "fields": {
    "master": 5,
    "name": "Online meeting",
    "price": "2200.00",
    "duration_minutes": 60,
    "requires_prepayment": false,
    "is_active": true
  }
},
{
  "model": "masters.masterservice",
  "pk": 38,
  "fields": {
    "master": 5,
    "name": "Offline meting",
    "price": "3000.00",
    "duration_minutes": 60,
    "requires_prepayment": false,
    "is_active": true
  }
},
{
  "model": "masters.masterservice",
  "pk": 39,
  "fields": {
    "master": 5,
    "name": "Help with shoping",
    "price": "10000.00",
    "duration_minutes": 180,
    "requires_prepayment": false,
    "is_active": true
  }
},
{
  "model": "masters.masterservice",
  "pk": 40,
  "fields": {
    "master": 5,
    "name": "Wardrobe review",
    "price": "8000.00",
    "duration_minutes": 180,
    "requires_prepayment": false,
    "is_active": true
  }
},
{
  "model": "masters.masterservice",
  "pk": 41,
  "fields": {
    "master": 4,
    "name": "Nails",
    "price": "1200.00",
    "duration_minutes": 90,
    "requires_prepayment": false,
    "is_active": true
  }
},
{
  "model": "masters.masterservice",
  "pk": 42,
  "fields": {
    "master": 4,
    "name": "Pedicure",
    "price": "1550.00",
    "duration_minutes": 120,
    "requires_prepayment": false,
    "is_active": true
  }
},
{
  "model": "masters.masterservice",
  "pk": 43,
  "fields": {
    "master": 4,
    "name": "Japanese manicure",
    "price": "800.00",
    "duration_minutes": 60,
    "requires_prepayment": false,
    "is_active": true
  }
},
{
  "model": "masters.masterservice",
  "pk": 44,
  "fields": {
    "master": 4,
    "name": "Male manicure",
    "price": "700.00",
    "duration_minutes": 60,
    "requires_prepayment": false,
    "is_active": true
  }
},
{
  "model": "masters.masterservice",
  "pk": 45,
  "fields": {
    "master": 7,
    "name": "Shop with me",
    "price": "4700.00",
    "duration_minutes": 180,
    "requires_prepayment": false,
    "is_active": true
  }
},
{
  "model": "masters.masterservice",
  "pk": 46,
  "fields": {
    "master": 7,
    "name": "Review your wardrobe",
    "price": "3600.00",
    "duration_minutes": 120,
    "requires_prepayment": false,
    "is_active": true
  }
},
{
  "model": "masters.masterservice",
  "pk": 47,
  "fields": {
    "master": 10,
    "name": "Women’s Haircut",
    "price": "700.00",
    "duration_minutes": 60,
    "requires_prepayment": false,
    "is_active": true
  }
},
{
  "model": "masters.masterservice",
  "pk": 48,
  "fields": {
    "master": 10,
    "name": "Men’s Haircut",
    "price": "600.00",
    "duration_minutes": 60,
    "requires_prepayment": false,
    "is_active": true
  }
},
{
  "model": "masters.masterservice",
  "pk": 49,
  "fields": {
    "master": 10,
    "name": "Hair Coloring",
    "price": "1500.00",
    "duration_minutes": 120,
    "requires_prepayment": true,
    "is_active": true
  }
},
{
  "model": "masters.masterservice",
  "pk": 50,
  "fields": {
    "master": 7,
    "name": "Online consultation",
    "price": "800.00",
    "duration_minutes": 60,
    "requires_prepayment": true,
    "is_active": true
  }
},
{
  "model": "masters.masterworkphoto",
  "pk": 1,
  "fields": {
    "master": 1,
    "photo_url": "https://example.com/work1.jpg",
    "caption": "Ěŕíłęţđ",
    "uploaded_at": "2026-03-07T13:19:29.641Z"
  }
},
{
  "model": "masters.masterworkphoto",
  "pk": 2,
  "fields": {
    "master": 1,
    "photo_url": "https://example.com/work2.jpg",
    "caption": "Ďĺäčęţđ",
    "uploaded_at": "2026-03-07T13:19:29.649Z"
  }
},
{
  "model": "masters.masterworkphoto",
  "pk": 157,
  "fields": {
    "master": 4,
    "photo_url": "https://res.cloudinary.com/dbbgctiio/image/upload/v1776526902/master_work_photos/ngp9xlfysmingljadgwp.jpg",
    "caption": "",
    "uploaded_at": "2026-05-09T16:20:12.550Z"
  }
},
{
  "model": "masters.masterworkphoto",
  "pk": 158,
  "fields": {
    "master": 4,
    "photo_url": "https://res.cloudinary.com/dbbgctiio/image/upload/v1776526896/master_work_photos/mcmfeus5p6ezywwavdsh.jpg",
    "caption": "",
    "uploaded_at": "2026-05-09T16:20:12.551Z"
  }
},
{
  "model": "masters.masterworkphoto",
  "pk": 159,
  "fields": {
    "master": 4,
    "photo_url": "https://res.cloudinary.com/dbbgctiio/image/upload/v1776446751/master_work_photos/tblthivcdbk6tbnxp51u.jpg",
    "caption": "",
    "uploaded_at": "2026-05-09T16:20:12.552Z"
  }
},
{
  "model": "masters.masterworkphoto",
  "pk": 160,
  "fields": {
    "master": 4,
    "photo_url": "https://res.cloudinary.com/dbbgctiio/image/upload/v1776446724/master_work_photos/slqrldphstaclkmccets.jpg",
    "caption": "",
    "uploaded_at": "2026-05-09T16:20:12.553Z"
  }
},
{
  "model": "masters.masterworkphoto",
  "pk": 161,
  "fields": {
    "master": 4,
    "photo_url": "https://res.cloudinary.com/dbbgctiio/image/upload/v1776446717/master_work_photos/v5ccnzm3u4rffz7qzx0f.jpg",
    "caption": "",
    "uploaded_at": "2026-05-09T16:20:12.554Z"
  }
},
{
  "model": "masters.masterworkphoto",
  "pk": 162,
  "fields": {
    "master": 4,
    "photo_url": "https://res.cloudinary.com/dbbgctiio/image/upload/v1776446710/master_work_photos/ikozvwpyheu3r4qmtfdi.jpg",
    "caption": "",
    "uploaded_at": "2026-05-09T16:20:12.554Z"
  }
},
{
  "model": "masters.masterworkphoto",
  "pk": 163,
  "fields": {
    "master": 4,
    "photo_url": "https://res.cloudinary.com/dbbgctiio/image/upload/v1776446704/master_work_photos/otvosbcrtrm5a25g9gj2.jpg",
    "caption": "",
    "uploaded_at": "2026-05-09T16:20:12.555Z"
  }
},
{
  "model": "masters.masterworkphoto",
  "pk": 164,
  "fields": {
    "master": 4,
    "photo_url": "https://res.cloudinary.com/dbbgctiio/image/upload/v1776446699/master_work_photos/szjwll7pgwzf53yaoe5y.jpg",
    "caption": "",
    "uploaded_at": "2026-05-09T16:20:12.556Z"
  }
},
{
  "model": "masters.masterworkphoto",
  "pk": 165,
  "fields": {
    "master": 4,
    "photo_url": "https://res.cloudinary.com/dbbgctiio/image/upload/v1776446694/master_work_photos/wiibpmslq2bggjrhbzeh.jpg",
    "caption": "",
    "uploaded_at": "2026-05-09T16:20:12.557Z"
  }
},
{
  "model": "masters.masterworkphoto",
  "pk": 166,
  "fields": {
    "master": 4,
    "photo_url": "https://res.cloudinary.com/dbbgctiio/image/upload/v1776446687/master_work_photos/ntoyxurhopckdarebolb.jpg",
    "caption": "",
    "uploaded_at": "2026-05-09T16:20:12.558Z"
  }
},
{
  "model": "masters.masterworkphoto",
  "pk": 167,
  "fields": {
    "master": 4,
    "photo_url": "https://res.cloudinary.com/dbbgctiio/image/upload/v1778262907/master_work_photos/renqczxqhfyoxe6bplrn.jpg",
    "caption": "",
    "uploaded_at": "2026-05-09T16:20:12.559Z"
  }
},
{
  "model": "masters.masterworkphoto",
  "pk": 184,
  "fields": {
    "master": 6,
    "photo_url": "https://res.cloudinary.com/dbbgctiio/image/upload/v1776952416/master_work_photos/xvlsnxr9byf1y5xeifk6.jpg",
    "caption": "",
    "uploaded_at": "2026-05-13T18:06:53.873Z"
  }
},
{
  "model": "masters.masterworkphoto",
  "pk": 185,
  "fields": {
    "master": 6,
    "photo_url": "https://res.cloudinary.com/dbbgctiio/image/upload/v1776952422/master_work_photos/ycubqxj0uk5mcnttdro8.jpg",
    "caption": "",
    "uploaded_at": "2026-05-13T18:06:53.886Z"
  }
},
{
  "model": "masters.masterworkphoto",
  "pk": 186,
  "fields": {
    "master": 6,
    "photo_url": "https://res.cloudinary.com/dbbgctiio/image/upload/v1776952426/master_work_photos/gjzjcosqalnxkatchdqi.jpg",
    "caption": "",
    "uploaded_at": "2026-05-13T18:06:53.886Z"
  }
},
{
  "model": "masters.masterworkphoto",
  "pk": 187,
  "fields": {
    "master": 6,
    "photo_url": "https://res.cloudinary.com/dbbgctiio/image/upload/v1776952431/master_work_photos/zjgq6ptwolxer2sizbbj.jpg",
    "caption": "",
    "uploaded_at": "2026-05-13T18:06:53.887Z"
  }
},
{
  "model": "masters.masterworkphoto",
  "pk": 188,
  "fields": {
    "master": 6,
    "photo_url": "https://res.cloudinary.com/dbbgctiio/image/upload/v1776960670/master_work_photos/qp5fvi7v3zhjdcvypxds.jpg",
    "caption": "",
    "uploaded_at": "2026-05-13T18:06:53.887Z"
  }
},
{
  "model": "masters.masterworkphoto",
  "pk": 211,
  "fields": {
    "master": 5,
    "photo_url": "https://res.cloudinary.com/dbbgctiio/image/upload/v1776446879/master_work_photos/r51elmfg75s6k3snobpi.jpg",
    "caption": "",
    "uploaded_at": "2026-05-14T12:32:36.922Z"
  }
},
{
  "model": "masters.masterworkphoto",
  "pk": 212,
  "fields": {
    "master": 5,
    "photo_url": "https://res.cloudinary.com/dbbgctiio/image/upload/v1778607451/master_work_photos/khvwlxmmd1nen0oc5fb5.jpg",
    "caption": "",
    "uploaded_at": "2026-05-14T12:32:36.934Z"
  }
},
{
  "model": "masters.masterworkphoto",
  "pk": 213,
  "fields": {
    "master": 5,
    "photo_url": "https://res.cloudinary.com/dbbgctiio/image/upload/v1778607456/master_work_photos/lpmkndqriepbyjofqopp.jpg",
    "caption": "",
    "uploaded_at": "2026-05-14T12:32:36.934Z"
  }
},
{
  "model": "masters.masterworkphoto",
  "pk": 214,
  "fields": {
    "master": 5,
    "photo_url": "https://res.cloudinary.com/dbbgctiio/image/upload/v1778607461/master_work_photos/wznqfn3xo1suj0bb8csv.jpg",
    "caption": "",
    "uploaded_at": "2026-05-14T12:32:36.935Z"
  }
},
{
  "model": "masters.masterworkphoto",
  "pk": 215,
  "fields": {
    "master": 5,
    "photo_url": "https://res.cloudinary.com/dbbgctiio/image/upload/v1778607470/master_work_photos/sxpiso7wnkfshezbxr5z.jpg",
    "caption": "",
    "uploaded_at": "2026-05-14T12:32:36.936Z"
  }
},
{
  "model": "masters.masterworkphoto",
  "pk": 216,
  "fields": {
    "master": 5,
    "photo_url": "https://res.cloudinary.com/dbbgctiio/image/upload/v1778607475/master_work_photos/kghnzfrmx98uxthefeh8.jpg",
    "caption": "",
    "uploaded_at": "2026-05-14T12:32:36.937Z"
  }
},
{
  "model": "masters.masterworkphoto",
  "pk": 217,
  "fields": {
    "master": 5,
    "photo_url": "https://res.cloudinary.com/dbbgctiio/image/upload/v1778607484/master_work_photos/afdggcqumh4emadcwvmb.jpg",
    "caption": "",
    "uploaded_at": "2026-05-14T12:32:36.937Z"
  }
},
{
  "model": "masters.masterworkphoto",
  "pk": 218,
  "fields": {
    "master": 5,
    "photo_url": "https://res.cloudinary.com/dbbgctiio/image/upload/v1778607490/master_work_photos/fsxjyl6zitoikynf8vlx.jpg",
    "caption": "",
    "uploaded_at": "2026-05-14T12:32:36.938Z"
  }
},
{
  "model": "masters.masterworkphoto",
  "pk": 230,
  "fields": {
    "master": 10,
    "photo_url": "https://res.cloudinary.com/dbbgctiio/image/upload/v1779280761/master_work_photos/jwc2a1iwti0uqhdgm1ol.jpg",
    "caption": "",
    "uploaded_at": "2026-05-20T12:40:18.686Z"
  }
},
{
  "model": "masters.masterworkphoto",
  "pk": 247,
  "fields": {
    "master": 7,
    "photo_url": "https://res.cloudinary.com/dbbgctiio/image/upload/v1779820156/master_work_photos/wlenk2qzg7h9nwr0even.jpg",
    "caption": "",
    "uploaded_at": "2026-05-26T18:38:35.047Z"
  }
},
{
  "model": "masters.masterworkphoto",
  "pk": 248,
  "fields": {
    "master": 7,
    "photo_url": "https://res.cloudinary.com/dbbgctiio/image/upload/v1779820530/master_work_photos/m8hqfuxflhqz1uklfiax.jpg",
    "caption": "",
    "uploaded_at": "2026-05-26T18:38:35.049Z"
  }
},
{
  "model": "masters.masterworkphoto",
  "pk": 249,
  "fields": {
    "master": 7,
    "photo_url": "https://res.cloudinary.com/dbbgctiio/image/upload/v1779820566/master_work_photos/zdemdm0oh2wwpdtiwags.jpg",
    "caption": "",
    "uploaded_at": "2026-05-26T18:38:35.049Z"
  }
},
{
  "model": "masters.masterworkphoto",
  "pk": 250,
  "fields": {
    "master": 7,
    "photo_url": "https://res.cloudinary.com/dbbgctiio/image/upload/v1779820567/master_work_photos/q0npi6neagcf5avgx606.jpg",
    "caption": "",
    "uploaded_at": "2026-05-26T18:38:35.050Z"
  }
},
{
  "model": "masters.masterworkphoto",
  "pk": 251,
  "fields": {
    "master": 7,
    "photo_url": "https://res.cloudinary.com/dbbgctiio/image/upload/v1779821149/master_work_photos/m3phkrd1bgr5gitdf8ls.jpg",
    "caption": "",
    "uploaded_at": "2026-05-26T18:45:50.319Z"
  }
},
{
  "model": "masters.masterworkphoto",
  "pk": 252,
  "fields": {
    "master": 7,
    "photo_url": "https://res.cloudinary.com/dbbgctiio/image/upload/v1779821165/master_work_photos/f4oxgt01qy59vethjevo.jpg",
    "caption": "",
    "uploaded_at": "2026-05-26T18:46:06.324Z"
  }
},
{
  "model": "masters.masterworkphoto",
  "pk": 253,
  "fields": {
    "master": 7,
    "photo_url": "https://res.cloudinary.com/dbbgctiio/image/upload/v1779821173/master_work_photos/p6imtilctlojrocvfzsa.jpg",
    "caption": "",
    "uploaded_at": "2026-05-26T18:46:14.353Z"
  }
},
{
  "model": "masters.masterworkphoto",
  "pk": 254,
  "fields": {
    "master": 7,
    "photo_url": "https://res.cloudinary.com/dbbgctiio/image/upload/v1779821181/master_work_photos/mxfm2tpkfokyku16efva.jpg",
    "caption": "",
    "uploaded_at": "2026-05-26T18:46:22.584Z"
  }
},
{
  "model": "masters.masterworkphoto",
  "pk": 255,
  "fields": {
    "master": 7,
    "photo_url": "https://res.cloudinary.com/dbbgctiio/image/upload/v1779821193/master_work_photos/meyf8xadd6flwkqsa6xj.jpg",
    "caption": "",
    "uploaded_at": "2026-05-26T18:46:34.332Z"
  }
},
{
  "model": "masters.masterworkphoto",
  "pk": 256,
  "fields": {
    "master": 7,
    "photo_url": "https://res.cloudinary.com/dbbgctiio/image/upload/v1779821204/master_work_photos/lh1riquj2dhjjhnqpp7x.jpg",
    "caption": "",
    "uploaded_at": "2026-05-26T18:46:45.538Z"
  }
},
{
  "model": "masters.masterweektimetable",
  "pk": 1,
  "fields": {
    "master": 4,
    "week_start": "2026-03-30",
    "monday_hours": "",
    "tuesday_hours": "10-13",
    "wednesday_hours": "10-13",
    "thursday_hours": "10-13",
    "friday_hours": "",
    "saturday_hours": "",
    "sunday_hours": "",
    "created_at": "2026-04-04T16:44:32.258Z",
    "updated_at": "2026-04-04T16:50:00.696Z"
  }
},
{
  "model": "masters.masterweektimetable",
  "pk": 2,
  "fields": {
    "master": 4,
    "week_start": "2026-04-06",
    "monday_hours": "",
    "tuesday_hours": "11-17",
    "wednesday_hours": "11-17",
    "thursday_hours": "11-17",
    "friday_hours": "11-17",
    "saturday_hours": "11-17",
    "sunday_hours": "",
    "created_at": "2026-04-04T16:44:32.323Z",
    "updated_at": "2026-04-04T16:50:00.754Z"
  }
},
{
  "model": "masters.masterweektimetable",
  "pk": 3,
  "fields": {
    "master": 4,
    "week_start": "2026-04-13",
    "monday_hours": "",
    "tuesday_hours": "9-15",
    "wednesday_hours": "9-16",
    "thursday_hours": "9-16",
    "friday_hours": "9-15",
    "saturday_hours": "9-15",
    "sunday_hours": "11-14",
    "created_at": "2026-04-04T16:44:32.396Z",
    "updated_at": "2026-04-17T16:08:29.501Z"
  }
},
{
  "model": "masters.masterweektimetable",
  "pk": 4,
  "fields": {
    "master": 4,
    "week_start": "2026-04-20",
    "monday_hours": "9-13",
    "tuesday_hours": "8-13",
    "wednesday_hours": "8-13",
    "thursday_hours": "8-13",
    "friday_hours": "8-13",
    "saturday_hours": "9-13",
    "sunday_hours": "",
    "created_at": "2026-04-04T16:44:32.446Z",
    "updated_at": "2026-04-24T14:34:25.257Z"
  }
},
{
  "model": "masters.masterweektimetable",
  "pk": 5,
  "fields": {
    "master": 4,
    "week_start": "2026-04-27",
    "monday_hours": "",
    "tuesday_hours": "9-15",
    "wednesday_hours": "9-16",
    "thursday_hours": "9-16",
    "friday_hours": "9-15",
    "saturday_hours": "9-15",
    "sunday_hours": "",
    "created_at": "2026-04-17T16:08:29.602Z",
    "updated_at": "2026-04-24T14:34:25.329Z"
  }
},
{
  "model": "masters.masterweektimetable",
  "pk": 6,
  "fields": {
    "master": 4,
    "week_start": "2026-05-04",
    "monday_hours": "",
    "tuesday_hours": "9-15",
    "wednesday_hours": "9-16",
    "thursday_hours": "9-16",
    "friday_hours": "9-15",
    "saturday_hours": "9-15",
    "sunday_hours": "",
    "created_at": "2026-04-17T16:08:29.629Z",
    "updated_at": "2026-05-09T16:20:12.005Z"
  }
},
{
  "model": "masters.masterweektimetable",
  "pk": 7,
  "fields": {
    "master": 5,
    "week_start": "2026-04-13",
    "monday_hours": "9-16",
    "tuesday_hours": "9-16",
    "wednesday_hours": "9-16",
    "thursday_hours": "9-16",
    "friday_hours": "9-16",
    "saturday_hours": "",
    "sunday_hours": "",
    "created_at": "2026-04-17T16:20:23.380Z",
    "updated_at": "2026-04-17T16:20:23.380Z"
  }
},
{
  "model": "masters.masterweektimetable",
  "pk": 8,
  "fields": {
    "master": 5,
    "week_start": "2026-04-20",
    "monday_hours": "9-17",
    "tuesday_hours": "9-17",
    "wednesday_hours": "9-17",
    "thursday_hours": "9-17",
    "friday_hours": "9-17",
    "saturday_hours": "",
    "sunday_hours": "",
    "created_at": "2026-04-17T16:20:23.415Z",
    "updated_at": "2026-04-17T16:20:23.415Z"
  }
},
{
  "model": "masters.masterweektimetable",
  "pk": 9,
  "fields": {
    "master": 5,
    "week_start": "2026-04-27",
    "monday_hours": "9-14",
    "tuesday_hours": "9-14",
    "wednesday_hours": "9-14",
    "thursday_hours": "9-14",
    "friday_hours": "9-14",
    "saturday_hours": "",
    "sunday_hours": "",
    "created_at": "2026-04-17T16:20:23.457Z",
    "updated_at": "2026-04-17T16:20:23.457Z"
  }
},
{
  "model": "masters.masterweektimetable",
  "pk": 10,
  "fields": {
    "master": 5,
    "week_start": "2026-05-04",
    "monday_hours": "9-12",
    "tuesday_hours": "9-12",
    "wednesday_hours": "9-12",
    "thursday_hours": "9-12",
    "friday_hours": "9-12",
    "saturday_hours": "12-19",
    "sunday_hours": "",
    "created_at": "2026-04-17T16:20:23.498Z",
    "updated_at": "2026-05-08T17:53:49.101Z"
  }
},
{
  "model": "masters.masterweektimetable",
  "pk": 11,
  "fields": {
    "master": 4,
    "week_start": "2026-05-11",
    "monday_hours": "",
    "tuesday_hours": "9-15",
    "wednesday_hours": "9-16",
    "thursday_hours": "9-16",
    "friday_hours": "9-15",
    "saturday_hours": "9-15",
    "sunday_hours": "11-14",
    "created_at": "2026-04-20T09:49:21.076Z",
    "updated_at": "2026-05-09T16:20:12.098Z"
  }
},
{
  "model": "masters.masterweektimetable",
  "pk": 12,
  "fields": {
    "master": 6,
    "week_start": "2026-04-20",
    "monday_hours": "10-14, 15-17",
    "tuesday_hours": "10-14, 15-17",
    "wednesday_hours": "10-14, 15-17",
    "thursday_hours": "10-14, 15-17",
    "friday_hours": "10-14, 15-17",
    "saturday_hours": "",
    "sunday_hours": "",
    "created_at": "2026-04-20T12:34:59.955Z",
    "updated_at": "2026-04-20T12:34:59.955Z"
  }
},
{
  "model": "masters.masterweektimetable",
  "pk": 13,
  "fields": {
    "master": 6,
    "week_start": "2026-04-27",
    "monday_hours": "9-14, 15-17",
    "tuesday_hours": "9-14, 15-17",
    "wednesday_hours": "9-14, 15-17",
    "thursday_hours": "9-14, 15-17",
    "friday_hours": "9-14, 15-17",
    "saturday_hours": "",
    "sunday_hours": "",
    "created_at": "2026-04-20T12:35:00.094Z",
    "updated_at": "2026-04-20T12:35:00.094Z"
  }
},
{
  "model": "masters.masterweektimetable",
  "pk": 14,
  "fields": {
    "master": 6,
    "week_start": "2026-05-04",
    "monday_hours": "8-14",
    "tuesday_hours": "8-14",
    "wednesday_hours": "8-14",
    "thursday_hours": "8-14",
    "friday_hours": "8-14",
    "saturday_hours": "",
    "sunday_hours": "12-14",
    "created_at": "2026-04-20T12:35:00.169Z",
    "updated_at": "2026-05-09T16:19:01.941Z"
  }
},
{
  "model": "masters.masterweektimetable",
  "pk": 15,
  "fields": {
    "master": 6,
    "week_start": "2026-05-11",
    "monday_hours": "10-13",
    "tuesday_hours": "8-13",
    "wednesday_hours": "8-13",
    "thursday_hours": "8-13",
    "friday_hours": "8-13",
    "saturday_hours": "11-15",
    "sunday_hours": "11-15",
    "created_at": "2026-04-20T12:35:00.219Z",
    "updated_at": "2026-05-13T18:06:53.339Z"
  }
},
{
  "model": "masters.masterweektimetable",
  "pk": 16,
  "fields": {
    "master": 6,
    "week_start": "2026-05-18",
    "monday_hours": "10-14",
    "tuesday_hours": "10-14",
    "wednesday_hours": "10-14",
    "thursday_hours": "10-14",
    "friday_hours": "10-14",
    "saturday_hours": "",
    "sunday_hours": "",
    "created_at": "2026-05-06T19:14:56.505Z",
    "updated_at": "2026-05-13T18:06:53.435Z"
  }
},
{
  "model": "masters.masterweektimetable",
  "pk": 17,
  "fields": {
    "master": 6,
    "week_start": "2026-05-25",
    "monday_hours": "10-14",
    "tuesday_hours": "10-14",
    "wednesday_hours": "10-14",
    "thursday_hours": "10-14",
    "friday_hours": "10-14",
    "saturday_hours": "",
    "sunday_hours": "",
    "created_at": "2026-05-06T19:14:56.572Z",
    "updated_at": "2026-05-13T18:06:53.551Z"
  }
},
{
  "model": "masters.masterweektimetable",
  "pk": 18,
  "fields": {
    "master": 5,
    "week_start": "2026-05-11",
    "monday_hours": "9-17",
    "tuesday_hours": "9-17",
    "wednesday_hours": "9-17",
    "thursday_hours": "9-15",
    "friday_hours": "9-17",
    "saturday_hours": "10-15",
    "sunday_hours": "",
    "created_at": "2026-05-08T17:53:49.184Z",
    "updated_at": "2026-05-14T12:32:36.222Z"
  }
},
{
  "model": "masters.masterweektimetable",
  "pk": 19,
  "fields": {
    "master": 5,
    "week_start": "2026-05-18",
    "monday_hours": "9-17",
    "tuesday_hours": "9-17",
    "wednesday_hours": "9-17",
    "thursday_hours": "9-17",
    "friday_hours": "9-17",
    "saturday_hours": "",
    "sunday_hours": "",
    "created_at": "2026-05-08T17:53:49.258Z",
    "updated_at": "2026-05-14T12:32:36.406Z"
  }
},
{
  "model": "masters.masterweektimetable",
  "pk": 20,
  "fields": {
    "master": 5,
    "week_start": "2026-05-25",
    "monday_hours": "9-17",
    "tuesday_hours": "9-17",
    "wednesday_hours": "9-17",
    "thursday_hours": "9-17",
    "friday_hours": "9-17",
    "saturday_hours": "",
    "sunday_hours": "",
    "created_at": "2026-05-08T17:53:49.343Z",
    "updated_at": "2026-05-14T12:32:36.500Z"
  }
},
{
  "model": "masters.masterweektimetable",
  "pk": 21,
  "fields": {
    "master": 4,
    "week_start": "2026-05-18",
    "monday_hours": "9-13",
    "tuesday_hours": "8-13",
    "wednesday_hours": "8-13",
    "thursday_hours": "8-13",
    "friday_hours": "8-13",
    "saturday_hours": "9-13",
    "sunday_hours": "",
    "created_at": "2026-05-09T16:20:04.909Z",
    "updated_at": "2026-05-09T16:20:12.282Z"
  }
},
{
  "model": "masters.masterweektimetable",
  "pk": 22,
  "fields": {
    "master": 4,
    "week_start": "2026-05-25",
    "monday_hours": "9-13",
    "tuesday_hours": "8-13",
    "wednesday_hours": "8-13",
    "thursday_hours": "8-13",
    "friday_hours": "8-13",
    "saturday_hours": "9-13",
    "sunday_hours": "",
    "created_at": "2026-05-09T16:20:04.983Z",
    "updated_at": "2026-05-09T16:20:12.468Z"
  }
},
{
  "model": "masters.masterweektimetable",
  "pk": 23,
  "fields": {
    "master": 5,
    "week_start": "2026-06-01",
    "monday_hours": "9-12",
    "tuesday_hours": "9-12",
    "wednesday_hours": "9-12",
    "thursday_hours": "9-12",
    "friday_hours": "9-12",
    "saturday_hours": "12-19",
    "sunday_hours": "",
    "created_at": "2026-05-12T17:38:42.637Z",
    "updated_at": "2026-05-14T12:32:36.635Z"
  }
},
{
  "model": "masters.masterweektimetable",
  "pk": 24,
  "fields": {
    "master": 6,
    "week_start": "2026-06-01",
    "monday_hours": "8-14",
    "tuesday_hours": "8-14",
    "wednesday_hours": "8-14",
    "thursday_hours": "8-14",
    "friday_hours": "8-14",
    "saturday_hours": "",
    "sunday_hours": "12-14",
    "created_at": "2026-05-13T18:06:53.691Z",
    "updated_at": "2026-05-13T18:06:53.691Z"
  }
},
{
  "model": "masters.masterweektimetable",
  "pk": 25,
  "fields": {
    "master": 7,
    "week_start": "2026-05-11",
    "monday_hours": "",
    "tuesday_hours": "10-17",
    "wednesday_hours": "10-17",
    "thursday_hours": "10-17",
    "friday_hours": "10-17",
    "saturday_hours": "10-17",
    "sunday_hours": "",
    "created_at": "2026-05-13T18:52:04.268Z",
    "updated_at": "2026-05-13T18:52:04.268Z"
  }
},
{
  "model": "masters.masterweektimetable",
  "pk": 26,
  "fields": {
    "master": 7,
    "week_start": "2026-05-18",
    "monday_hours": "8-14",
    "tuesday_hours": "8-14",
    "wednesday_hours": "8-14",
    "thursday_hours": "8-14",
    "friday_hours": "8-14",
    "saturday_hours": "8-14",
    "sunday_hours": "8-14",
    "created_at": "2026-05-13T18:52:04.363Z",
    "updated_at": "2026-05-13T18:52:04.364Z"
  }
},
{
  "model": "masters.masterweektimetable",
  "pk": 27,
  "fields": {
    "master": 7,
    "week_start": "2026-05-25",
    "monday_hours": "8-17",
    "tuesday_hours": "8-17",
    "wednesday_hours": "8-17",
    "thursday_hours": "8-17",
    "friday_hours": "8-17",
    "saturday_hours": "8-17",
    "sunday_hours": "8-17",
    "created_at": "2026-05-13T18:52:04.441Z",
    "updated_at": "2026-05-26T18:38:34.374Z"
  }
},
{
  "model": "masters.masterweektimetable",
  "pk": 28,
  "fields": {
    "master": 7,
    "week_start": "2026-06-01",
    "monday_hours": "9-13",
    "tuesday_hours": "9-15",
    "wednesday_hours": "9-15",
    "thursday_hours": "9-15",
    "friday_hours": "9-14",
    "saturday_hours": "9-13",
    "sunday_hours": "",
    "created_at": "2026-05-13T18:52:04.557Z",
    "updated_at": "2026-05-26T18:38:34.627Z"
  }
},
{
  "model": "masters.masterweektimetable",
  "pk": 29,
  "fields": {
    "master": 10,
    "week_start": "2026-05-11",
    "monday_hours": "9-15",
    "tuesday_hours": "9-15",
    "wednesday_hours": "9-15",
    "thursday_hours": "9-15",
    "friday_hours": "9-15",
    "saturday_hours": "",
    "sunday_hours": "",
    "created_at": "2026-05-13T19:13:59.018Z",
    "updated_at": "2026-05-13T19:13:59.018Z"
  }
},
{
  "model": "masters.masterweektimetable",
  "pk": 30,
  "fields": {
    "master": 10,
    "week_start": "2026-05-18",
    "monday_hours": "8-12",
    "tuesday_hours": "8-12",
    "wednesday_hours": "8-13",
    "thursday_hours": "8-13",
    "friday_hours": "8-13",
    "saturday_hours": "8-13",
    "sunday_hours": "",
    "created_at": "2026-05-13T19:13:59.114Z",
    "updated_at": "2026-05-20T12:40:18.128Z"
  }
},
{
  "model": "masters.masterweektimetable",
  "pk": 31,
  "fields": {
    "master": 10,
    "week_start": "2026-05-25",
    "monday_hours": "8-13",
    "tuesday_hours": "8-13",
    "wednesday_hours": "8-10, 11-14",
    "thursday_hours": "8-10, 11-14",
    "friday_hours": "8-10, 11-14",
    "saturday_hours": "8-10, 11-14",
    "sunday_hours": "",
    "created_at": "2026-05-13T19:13:59.198Z",
    "updated_at": "2026-05-20T12:40:18.258Z"
  }
},
{
  "model": "masters.masterweektimetable",
  "pk": 32,
  "fields": {
    "master": 10,
    "week_start": "2026-06-01",
    "monday_hours": "9-12",
    "tuesday_hours": "9-12",
    "wednesday_hours": "9-12",
    "thursday_hours": "9-12",
    "friday_hours": "9-12",
    "saturday_hours": "9-12",
    "sunday_hours": "",
    "created_at": "2026-05-13T19:13:59.343Z",
    "updated_at": "2026-05-20T12:40:18.371Z"
  }
},
{
  "model": "masters.masterweektimetable",
  "pk": 33,
  "fields": {
    "master": 10,
    "week_start": "2026-06-08",
    "monday_hours": "9-15",
    "tuesday_hours": "9-15",
    "wednesday_hours": "9-15",
    "thursday_hours": "9-15",
    "friday_hours": "9-15",
    "saturday_hours": "",
    "sunday_hours": "",
    "created_at": "2026-05-19T16:43:18.620Z",
    "updated_at": "2026-05-20T12:40:18.474Z"
  }
},
{
  "model": "masters.masterweektimetable",
  "pk": 34,
  "fields": {
    "master": 7,
    "week_start": "2026-06-08",
    "monday_hours": "",
    "tuesday_hours": "10-17",
    "wednesday_hours": "10-17",
    "thursday_hours": "10-17",
    "friday_hours": "10-17",
    "saturday_hours": "10-17",
    "sunday_hours": "",
    "created_at": "2026-05-26T18:38:14.598Z",
    "updated_at": "2026-05-26T18:38:34.734Z"
  }
},
{
  "model": "masters.masterweektimetable",
  "pk": 35,
  "fields": {
    "master": 7,
    "week_start": "2026-06-15",
    "monday_hours": "",
    "tuesday_hours": "10-17",
    "wednesday_hours": "10-17",
    "thursday_hours": "10-17",
    "friday_hours": "10-17",
    "saturday_hours": "10-17",
    "sunday_hours": "",
    "created_at": "2026-05-26T18:38:14.693Z",
    "updated_at": "2026-05-26T18:38:34.902Z"
  }
},
{
  "model": "masters.masterreview",
  "pk": 1,
  "fields": {
    "author": [
      "myladyjane@ukr.net"
    ],
    "master": 4,
    "rating": 5,
    "comment": "Super!",
    "created_at": "2026-04-24T14:16:51.583Z",
    "updated_at": "2026-05-12T17:36:28.645Z"
  }
},
{
  "model": "masters.masterreview",
  "pk": 2,
  "fields": {
    "author": [
      "lady.linton@gmail.com"
    ],
    "master": 4,
    "rating": 5,
    "comment": "Great specialist, my recommendation!",
    "created_at": "2026-04-24T14:18:10.468Z",
    "updated_at": "2026-04-24T14:18:10.468Z"
  }
},
{
  "model": "masters.masterreview",
  "pk": 3,
  "fields": {
    "author": [
      "lady.linton@gmail.com"
    ],
    "master": 5,
    "rating": 5,
    "comment": "Jane helped me to develop my style from zero, she is great! I especially recommend her to those who try to adapt vintage style in modern life",
    "created_at": "2026-04-24T14:20:09.795Z",
    "updated_at": "2026-04-24T14:20:09.795Z"
  }
},
{
  "model": "masters.masterreview",
  "pk": 5,
  "fields": {
    "author": [
      "lady.linton@gmail.com"
    ],
    "master": 6,
    "rating": 4,
    "comment": "Good",
    "created_at": "2026-05-13T19:18:48.960Z",
    "updated_at": "2026-05-13T19:18:48.960Z"
  }
},
{
  "model": "masters.masterreview",
  "pk": 6,
  "fields": {
    "author": [
      "miastone@ukr.net"
    ],
    "master": 6,
    "rating": 5,
    "comment": "Finest maakeup artist I've ever known",
    "created_at": "2026-05-14T10:14:24.128Z",
    "updated_at": "2026-05-14T10:14:24.128Z"
  }
},
{
  "model": "masters.masterreview",
  "pk": 7,
  "fields": {
    "author": [
      "myladyjane@ukr.net"
    ],
    "master": 7,
    "rating": 5,
    "comment": "Most competent specialist! Recommend!",
    "created_at": "2026-05-17T18:09:52.158Z",
    "updated_at": "2026-05-17T18:09:52.158Z"
  }
},
{
  "model": "masters.masterreview",
  "pk": 9,
  "fields": {
    "author": [
      "oksana.hordych23@gmail.com"
    ],
    "master": 7,
    "rating": 5,
    "comment": "Good!",
    "created_at": "2026-05-20T12:37:25.539Z",
    "updated_at": "2026-05-20T12:37:25.539Z"
  }
},
{
  "model": "masters.reviewreport",
  "pk": 2,
  "fields": {
    "review": 3,
    "reporter": [
      "miastone@ukr.net"
    ],
    "reason": "false_info",
    "text": "False information this master ignores clients",
    "created_at": "2026-05-14T10:13:11.891Z"
  }
},
{
  "model": "masters.reviewreport",
  "pk": 3,
  "fields": {
    "review": 2,
    "reporter": [
      "oksana.hordych23@gmail.com"
    ],
    "reason": "false_info",
    "text": "Test2",
    "created_at": "2026-05-14T10:53:10.107Z"
  }
},
{
  "model": "masters.reviewreport",
  "pk": 4,
  "fields": {
    "review": 5,
    "reporter": [
      "alice@urk.net"
    ],
    "reason": "spam",
    "text": "",
    "created_at": "2026-05-14T11:21:46.852Z"
  }
},
{
  "model": "masters.reviewreport",
  "pk": 5,
  "fields": {
    "review": 6,
    "reporter": [
      "alice@urk.net"
    ],
    "reason": "false_info",
    "text": "test 2",
    "created_at": "2026-05-14T11:21:58.779Z"
  }
},
{
  "model": "bookings.booking",
  "pk": 35,
  "fields": {
    "client": [
      "myladyjane@ukr.net"
    ],
    "master": 4,
    "service": 43,
    "appointment_date": "2026-04-25",
    "start_time": "08:00:00",
    "end_time": "09:00:00",
    "status": "cancelled",
    "notes": "",
    "created_at": "2026-04-22T15:05:05.614Z"
  }
},
{
  "model": "bookings.booking",
  "pk": 36,
  "fields": {
    "client": [
      "myladyjane@ukr.net"
    ],
    "master": 4,
    "service": 41,
    "appointment_date": "2026-04-25",
    "start_time": "09:00:00",
    "end_time": "10:30:00",
    "status": "pending",
    "notes": "",
    "created_at": "2026-04-22T15:05:10.555Z"
  }
},
{
  "model": "bookings.booking",
  "pk": 37,
  "fields": {
    "client": [
      "myladyjane@ukr.net"
    ],
    "master": 4,
    "service": 42,
    "appointment_date": "2026-04-25",
    "start_time": "10:30:00",
    "end_time": "12:30:00",
    "status": "pending",
    "notes": "",
    "created_at": "2026-04-22T15:05:20.014Z"
  }
},
{
  "model": "bookings.booking",
  "pk": 38,
  "fields": {
    "client": [
      "myladyjane@ukr.net"
    ],
    "master": 6,
    "service": 31,
    "appointment_date": "2026-04-24",
    "start_time": "10:00:00",
    "end_time": "12:00:00",
    "status": "pending",
    "notes": "",
    "created_at": "2026-04-22T15:05:56.166Z"
  }
},
{
  "model": "bookings.booking",
  "pk": 39,
  "fields": {
    "client": [
      "myladyjane@ukr.net"
    ],
    "master": 6,
    "service": 30,
    "appointment_date": "2026-04-24",
    "start_time": "12:00:00",
    "end_time": "14:00:00",
    "status": "cancelled",
    "notes": "",
    "created_at": "2026-04-22T15:06:06.773Z"
  }
},
{
  "model": "bookings.booking",
  "pk": 40,
  "fields": {
    "client": [
      "alice@urk.net"
    ],
    "master": 5,
    "service": 39,
    "appointment_date": "2026-04-24",
    "start_time": "09:00:00",
    "end_time": "12:00:00",
    "status": "pending",
    "notes": "",
    "created_at": "2026-04-22T15:07:24.398Z"
  }
},
{
  "model": "bookings.booking",
  "pk": 41,
  "fields": {
    "client": [
      "alice@urk.net"
    ],
    "master": 5,
    "service": 40,
    "appointment_date": "2026-04-24",
    "start_time": "12:00:00",
    "end_time": "15:00:00",
    "status": "pending",
    "notes": "",
    "created_at": "2026-04-22T15:07:34.344Z"
  }
},
{
  "model": "bookings.booking",
  "pk": 42,
  "fields": {
    "client": [
      "alice@urk.net"
    ],
    "master": 5,
    "service": 38,
    "appointment_date": "2026-04-24",
    "start_time": "15:00:00",
    "end_time": "16:00:00",
    "status": "pending",
    "notes": "",
    "created_at": "2026-04-22T15:07:45.531Z"
  }
},
{
  "model": "bookings.booking",
  "pk": 43,
  "fields": {
    "client": [
      "alice@urk.net"
    ],
    "master": 5,
    "service": 37,
    "appointment_date": "2026-04-24",
    "start_time": "16:00:00",
    "end_time": "17:00:00",
    "status": "pending",
    "notes": "",
    "created_at": "2026-04-22T15:07:50.597Z"
  }
},
{
  "model": "bookings.booking",
  "pk": 44,
  "fields": {
    "client": [
      "lady.linton@gmail.com"
    ],
    "master": 5,
    "service": 37,
    "appointment_date": "2026-04-23",
    "start_time": "16:00:00",
    "end_time": "17:00:00",
    "status": "pending",
    "notes": "",
    "created_at": "2026-04-22T15:11:23.110Z"
  }
},
{
  "model": "bookings.booking",
  "pk": 45,
  "fields": {
    "client": [
      "lady.linton@gmail.com"
    ],
    "master": 4,
    "service": 42,
    "appointment_date": "2026-04-24",
    "start_time": "11:00:00",
    "end_time": "13:00:00",
    "status": "pending",
    "notes": "",
    "created_at": "2026-04-22T15:12:06.919Z"
  }
},
{
  "model": "bookings.booking",
  "pk": 46,
  "fields": {
    "client": [
      "myladyjane@ukr.net"
    ],
    "master": 6,
    "service": 30,
    "appointment_date": "2026-04-24",
    "start_time": "12:00:00",
    "end_time": "14:00:00",
    "status": "pending",
    "notes": "",
    "created_at": "2026-04-22T15:54:41.225Z"
  }
},
{
  "model": "bookings.booking",
  "pk": 47,
  "fields": {
    "client": [
      "myladyjane@ukr.net"
    ],
    "master": 6,
    "service": 30,
    "appointment_date": "2026-05-01",
    "start_time": "09:00:00",
    "end_time": "11:00:00",
    "status": "pending",
    "notes": "",
    "created_at": "2026-04-22T16:09:06.898Z"
  }
},
{
  "model": "bookings.booking",
  "pk": 48,
  "fields": {
    "client": [
      "lady.linton@gmail.com"
    ],
    "master": 5,
    "service": 39,
    "appointment_date": "2026-04-27",
    "start_time": "09:00:00",
    "end_time": "12:00:00",
    "status": "pending",
    "notes": "",
    "created_at": "2026-04-23T13:41:25.077Z"
  }
},
{
  "model": "bookings.booking",
  "pk": 49,
  "fields": {
    "client": [
      "myladyjane@ukr.net"
    ],
    "master": 4,
    "service": 41,
    "appointment_date": "2026-04-24",
    "start_time": "08:00:00",
    "end_time": "09:30:00",
    "status": "pending",
    "notes": "",
    "created_at": "2026-04-23T16:06:14.811Z"
  }
},
{
  "model": "bookings.booking",
  "pk": 50,
  "fields": {
    "client": [
      "myladyjane@ukr.net"
    ],
    "master": 4,
    "service": 43,
    "appointment_date": "2026-04-24",
    "start_time": "09:30:00",
    "end_time": "10:30:00",
    "status": "pending",
    "notes": "",
    "created_at": "2026-04-23T16:06:22.913Z"
  }
},
{
  "model": "bookings.booking",
  "pk": 51,
  "fields": {
    "client": [
      "miastone@ukr.net"
    ],
    "master": 6,
    "service": 31,
    "appointment_date": "2026-04-27",
    "start_time": "09:00:00",
    "end_time": "11:00:00",
    "status": "pending",
    "notes": "",
    "created_at": "2026-04-24T14:35:14.479Z"
  }
},
{
  "model": "bookings.booking",
  "pk": 52,
  "fields": {
    "client": [
      "miastone@ukr.net"
    ],
    "master": 6,
    "service": 30,
    "appointment_date": "2026-04-28",
    "start_time": "09:00:00",
    "end_time": "11:00:00",
    "status": "pending",
    "notes": "",
    "created_at": "2026-04-24T14:35:25.232Z"
  }
},
{
  "model": "bookings.booking",
  "pk": 53,
  "fields": {
    "client": [
      "oks@ukr.net"
    ],
    "master": 5,
    "service": 37,
    "appointment_date": "2026-04-30",
    "start_time": "09:00:00",
    "end_time": "10:00:00",
    "status": "pending",
    "notes": "",
    "created_at": "2026-04-29T16:45:05.683Z"
  }
},
{
  "model": "bookings.booking",
  "pk": 54,
  "fields": {
    "client": [
      "oks@ukr.net"
    ],
    "master": 6,
    "service": 30,
    "appointment_date": "2026-05-05",
    "start_time": "08:00:00",
    "end_time": "10:00:00",
    "status": "cancelled",
    "notes": "",
    "created_at": "2026-04-29T16:45:22.595Z"
  }
},
{
  "model": "bookings.booking",
  "pk": 55,
  "fields": {
    "client": [
      "aemma@ukr.net"
    ],
    "master": 5,
    "service": 40,
    "appointment_date": "2026-05-07",
    "start_time": "09:00:00",
    "end_time": "12:00:00",
    "status": "pending",
    "notes": "",
    "created_at": "2026-05-06T19:14:01.774Z"
  }
},
{
  "model": "bookings.booking",
  "pk": 56,
  "fields": {
    "client": [
      "lady.linton@gmail.com"
    ],
    "master": 6,
    "service": 30,
    "appointment_date": "2026-05-07",
    "start_time": "11:00:00",
    "end_time": "13:00:00",
    "status": "pending",
    "notes": "",
    "created_at": "2026-05-06T19:17:36.438Z"
  }
},
{
  "model": "bookings.booking",
  "pk": 57,
  "fields": {
    "client": [
      "oks@ukr.net"
    ],
    "master": 4,
    "service": 43,
    "appointment_date": "2026-05-07",
    "start_time": "11:00:00",
    "end_time": "12:00:00",
    "status": "pending",
    "notes": "",
    "created_at": "2026-05-06T19:22:11.834Z"
  }
},
{
  "model": "bookings.booking",
  "pk": 58,
  "fields": {
    "client": [
      "myladyjane@ukr.net"
    ],
    "master": 4,
    "service": 41,
    "appointment_date": "2026-05-09",
    "start_time": "09:00:00",
    "end_time": "10:30:00",
    "status": "pending",
    "notes": "",
    "created_at": "2026-05-07T17:37:41.941Z"
  }
},
{
  "model": "bookings.booking",
  "pk": 59,
  "fields": {
    "client": [
      "myladyjane@ukr.net"
    ],
    "master": 6,
    "service": 30,
    "appointment_date": "2026-05-08",
    "start_time": "08:00:00",
    "end_time": "10:00:00",
    "status": "pending",
    "notes": "",
    "created_at": "2026-05-07T17:38:19.167Z"
  }
},
{
  "model": "bookings.booking",
  "pk": 60,
  "fields": {
    "client": [
      "oksana.hordych23@gmail.com"
    ],
    "master": 6,
    "service": 30,
    "appointment_date": "2026-05-11",
    "start_time": "09:00:00",
    "end_time": "11:00:00",
    "status": "cancelled",
    "notes": "",
    "created_at": "2026-05-09T16:17:12.889Z"
  }
},
{
  "model": "bookings.booking",
  "pk": 61,
  "fields": {
    "client": [
      "aemma@ukr.net"
    ],
    "master": 4,
    "service": 43,
    "appointment_date": "2026-05-12",
    "start_time": "10:00:00",
    "end_time": "11:00:00",
    "status": "pending",
    "notes": "",
    "created_at": "2026-05-09T16:19:18.831Z"
  }
},
{
  "model": "bookings.booking",
  "pk": 62,
  "fields": {
    "client": [
      "myladyjane@ukr.net"
    ],
    "master": 4,
    "service": 43,
    "appointment_date": "2026-05-14",
    "start_time": "11:00:00",
    "end_time": "12:00:00",
    "status": "pending",
    "notes": "",
    "created_at": "2026-05-11T19:12:09.928Z"
  }
},
{
  "model": "bookings.booking",
  "pk": 63,
  "fields": {
    "client": [
      "alice@urk.net"
    ],
    "master": 5,
    "service": 39,
    "appointment_date": "2026-05-13",
    "start_time": "09:00:00",
    "end_time": "12:00:00",
    "status": "cancelled",
    "notes": "",
    "created_at": "2026-05-11T19:20:52.694Z"
  }
},
{
  "model": "bookings.booking",
  "pk": 64,
  "fields": {
    "client": [
      "alice@urk.net"
    ],
    "master": 5,
    "service": 37,
    "appointment_date": "2026-05-15",
    "start_time": "13:00:00",
    "end_time": "14:00:00",
    "status": "cancelled",
    "notes": "",
    "created_at": "2026-05-11T19:21:12.660Z"
  }
},
{
  "model": "bookings.booking",
  "pk": 65,
  "fields": {
    "client": [
      "myladyjane@ukr.net"
    ],
    "master": 4,
    "service": 42,
    "appointment_date": "2026-05-16",
    "start_time": "09:00:00",
    "end_time": "11:00:00",
    "status": "pending",
    "notes": "",
    "created_at": "2026-05-12T17:36:46.254Z"
  }
},
{
  "model": "bookings.booking",
  "pk": 66,
  "fields": {
    "client": [
      "myladyjane@ukr.net"
    ],
    "master": 6,
    "service": 30,
    "appointment_date": "2026-05-15",
    "start_time": "09:00:00",
    "end_time": "11:00:00",
    "status": "pending",
    "notes": "",
    "created_at": "2026-05-12T17:40:34.426Z"
  }
},
{
  "model": "bookings.booking",
  "pk": 67,
  "fields": {
    "client": [
      "myladyjane@ukr.net"
    ],
    "master": 6,
    "service": 32,
    "appointment_date": "2026-05-15",
    "start_time": "11:00:00",
    "end_time": "12:00:00",
    "status": "cancelled",
    "notes": "",
    "created_at": "2026-05-12T17:40:42.734Z"
  }
},
{
  "model": "bookings.booking",
  "pk": 68,
  "fields": {
    "client": [
      "aemma@ukr.net"
    ],
    "master": 4,
    "service": 42,
    "appointment_date": "2026-05-17",
    "start_time": "11:00:00",
    "end_time": "13:00:00",
    "status": "pending",
    "notes": "",
    "created_at": "2026-05-12T17:42:13.036Z"
  }
},
{
  "model": "bookings.booking",
  "pk": 69,
  "fields": {
    "client": [
      "myladyjane@ukr.net"
    ],
    "master": 6,
    "service": 30,
    "appointment_date": "2026-05-15",
    "start_time": "11:00:00",
    "end_time": "13:00:00",
    "status": "pending",
    "notes": "",
    "created_at": "2026-05-13T14:20:48.628Z"
  }
},
{
  "model": "bookings.booking",
  "pk": 70,
  "fields": {
    "client": [
      "lady.linton@gmail.com"
    ],
    "master": 6,
    "service": 30,
    "appointment_date": "2026-05-18",
    "start_time": "10:00:00",
    "end_time": "12:00:00",
    "status": "pending",
    "notes": "",
    "created_at": "2026-05-13T18:04:15.687Z"
  }
},
{
  "model": "bookings.booking",
  "pk": 71,
  "fields": {
    "client": [
      "agnes.mackenzie@mock.beautyapp.local"
    ],
    "master": 4,
    "service": 41,
    "appointment_date": "2026-05-14",
    "start_time": "09:00:00",
    "end_time": "10:30:00",
    "status": "pending",
    "notes": "",
    "created_at": "2026-05-13T18:50:15.143Z"
  }
},
{
  "model": "bookings.booking",
  "pk": 72,
  "fields": {
    "client": [
      "oleksandra.golub@mock.beautyapp.local"
    ],
    "master": 7,
    "service": 45,
    "appointment_date": "2026-05-14",
    "start_time": "10:00:00",
    "end_time": "13:00:00",
    "status": "pending",
    "notes": "",
    "created_at": "2026-05-13T18:55:05.927Z"
  }
},
{
  "model": "bookings.booking",
  "pk": 73,
  "fields": {
    "client": [
      "oleksandra.golub@mock.beautyapp.local"
    ],
    "master": 4,
    "service": 43,
    "appointment_date": "2026-05-14",
    "start_time": "12:00:00",
    "end_time": "13:00:00",
    "status": "pending",
    "notes": "",
    "created_at": "2026-05-13T18:57:24.731Z"
  }
},
{
  "model": "bookings.booking",
  "pk": 74,
  "fields": {
    "client": [
      "lady.linton@gmail.com"
    ],
    "master": 10,
    "service": 47,
    "appointment_date": "2026-05-14",
    "start_time": "10:00:00",
    "end_time": "11:00:00",
    "status": "pending",
    "notes": "",
    "created_at": "2026-05-13T19:17:35.298Z"
  }
},
{
  "model": "bookings.booking",
  "pk": 75,
  "fields": {
    "client": [
      "lady.linton@gmail.com"
    ],
    "master": 7,
    "service": 46,
    "appointment_date": "2026-05-14",
    "start_time": "13:00:00",
    "end_time": "15:00:00",
    "status": "pending",
    "notes": "",
    "created_at": "2026-05-13T19:18:07.579Z"
  }
},
{
  "model": "bookings.booking",
  "pk": 76,
  "fields": {
    "client": [
      "lady.linton@gmail.com"
    ],
    "master": 10,
    "service": 49,
    "appointment_date": "2026-05-15",
    "start_time": "11:00:00",
    "end_time": "13:00:00",
    "status": "pending",
    "notes": "",
    "created_at": "2026-05-14T09:51:16.109Z"
  }
},
{
  "model": "bookings.booking",
  "pk": 77,
  "fields": {
    "client": [
      "oksana.hordych23@gmail.com"
    ],
    "master": 7,
    "service": 46,
    "appointment_date": "2026-05-15",
    "start_time": "13:00:00",
    "end_time": "15:00:00",
    "status": "pending",
    "notes": "Test",
    "created_at": "2026-05-14T10:32:51.402Z"
  }
},
{
  "model": "bookings.booking",
  "pk": 78,
  "fields": {
    "client": [
      "oksana.hordych23@gmail.com"
    ],
    "master": 5,
    "service": 37,
    "appointment_date": "2026-05-14",
    "start_time": "11:00:00",
    "end_time": "12:00:00",
    "status": "pending",
    "notes": "",
    "created_at": "2026-05-14T10:53:39.345Z"
  }
},
{
  "model": "bookings.booking",
  "pk": 79,
  "fields": {
    "client": [
      "oksana.hordych23@gmail.com"
    ],
    "master": 5,
    "service": 40,
    "appointment_date": "2026-05-16",
    "start_time": "12:00:00",
    "end_time": "15:00:00",
    "status": "pending",
    "notes": "",
    "created_at": "2026-05-14T10:53:48.769Z"
  }
},
{
  "model": "bookings.booking",
  "pk": 80,
  "fields": {
    "client": [
      "myladyjane@ukr.net"
    ],
    "master": 7,
    "service": 46,
    "appointment_date": "2026-05-15",
    "start_time": "10:00:00",
    "end_time": "12:00:00",
    "status": "pending",
    "notes": "",
    "created_at": "2026-05-14T12:31:06.481Z"
  }
},
{
  "model": "bookings.booking",
  "pk": 81,
  "fields": {
    "client": [
      "oksana.hordych23@gmail.com"
    ],
    "master": 6,
    "service": 30,
    "appointment_date": "2026-05-16",
    "start_time": "11:00:00",
    "end_time": "13:00:00",
    "status": "pending",
    "notes": "",
    "created_at": "2026-05-14T12:33:32.168Z"
  }
},
{
  "model": "bookings.booking",
  "pk": 82,
  "fields": {
    "client": [
      "myladyjane@ukr.net"
    ],
    "master": 10,
    "service": 49,
    "appointment_date": "2026-05-18",
    "start_time": "08:00:00",
    "end_time": "10:00:00",
    "status": "cancelled",
    "notes": "",
    "created_at": "2026-05-17T18:10:15.420Z"
  }
},
{
  "model": "bookings.booking",
  "pk": 83,
  "fields": {
    "client": [
      "oksana.hordych23@gmail.com"
    ],
    "master": 7,
    "service": 45,
    "appointment_date": "2026-05-21",
    "start_time": "08:00:00",
    "end_time": "11:00:00",
    "status": "pending",
    "notes": "",
    "created_at": "2026-05-19T16:41:36.156Z"
  }
},
{
  "model": "bookings.booking",
  "pk": 84,
  "fields": {
    "client": [
      "oksana.hordych23@gmail.com"
    ],
    "master": 10,
    "service": 49,
    "appointment_date": "2026-05-20",
    "start_time": "08:00:00",
    "end_time": "10:00:00",
    "status": "pending",
    "notes": "",
    "created_at": "2026-05-19T16:42:02.246Z"
  }
},
{
  "model": "bookings.booking",
  "pk": 85,
  "fields": {
    "client": [
      "lady.linton@gmail.com"
    ],
    "master": 10,
    "service": 47,
    "appointment_date": "2026-05-20",
    "start_time": "10:00:00",
    "end_time": "11:00:00",
    "status": "pending",
    "notes": "",
    "created_at": "2026-05-20T08:04:16.537Z"
  }
},
{
  "model": "bookings.booking",
  "pk": 86,
  "fields": {
    "client": [
      "lady.linton@gmail.com"
    ],
    "master": 10,
    "service": 49,
    "appointment_date": "2026-05-22",
    "start_time": "08:00:00",
    "end_time": "10:00:00",
    "status": "pending",
    "notes": "",
    "created_at": "2026-05-20T08:04:25.281Z"
  }
},
{
  "model": "bookings.booking",
  "pk": 87,
  "fields": {
    "client": [
      "lady.linton@gmail.com"
    ],
    "master": 10,
    "service": 48,
    "appointment_date": "2026-05-23",
    "start_time": "09:00:00",
    "end_time": "10:00:00",
    "status": "pending",
    "notes": "",
    "created_at": "2026-05-20T08:04:31.519Z"
  }
},
{
  "model": "bookings.booking",
  "pk": 88,
  "fields": {
    "client": [
      "lady.linton@gmail.com"
    ],
    "master": 7,
    "service": 46,
    "appointment_date": "2026-05-20",
    "start_time": "09:00:00",
    "end_time": "11:00:00",
    "status": "pending",
    "notes": "",
    "created_at": "2026-05-20T08:04:47.937Z"
  }
},
{
  "model": "bookings.booking",
  "pk": 89,
  "fields": {
    "client": [
      "lady.linton@gmail.com"
    ],
    "master": 7,
    "service": 45,
    "appointment_date": "2026-05-20",
    "start_time": "11:00:00",
    "end_time": "14:00:00",
    "status": "pending",
    "notes": "",
    "created_at": "2026-05-20T08:04:52.670Z"
  }
},
{
  "model": "bookings.booking",
  "pk": 90,
  "fields": {
    "client": [
      "lady.linton@gmail.com"
    ],
    "master": 7,
    "service": 46,
    "appointment_date": "2026-05-23",
    "start_time": "08:00:00",
    "end_time": "10:00:00",
    "status": "pending",
    "notes": "",
    "created_at": "2026-05-20T08:04:59.655Z"
  }
},
{
  "model": "bookings.booking",
  "pk": 91,
  "fields": {
    "client": [
      "lady.linton@gmail.com"
    ],
    "master": 7,
    "service": 45,
    "appointment_date": "2026-05-24",
    "start_time": "10:00:00",
    "end_time": "13:00:00",
    "status": "pending",
    "notes": "",
    "created_at": "2026-05-20T08:05:10.860Z"
  }
},
{
  "model": "bookings.booking",
  "pk": 92,
  "fields": {
    "client": [
      "alice@urk.net"
    ],
    "master": 7,
    "service": 46,
    "appointment_date": "2026-05-23",
    "start_time": "10:00:00",
    "end_time": "12:00:00",
    "status": "pending",
    "notes": "",
    "created_at": "2026-05-20T08:06:08.659Z"
  }
},
{
  "model": "bookings.booking",
  "pk": 93,
  "fields": {
    "client": [
      "alice@urk.net"
    ],
    "master": 5,
    "service": 37,
    "appointment_date": "2026-05-20",
    "start_time": "09:00:00",
    "end_time": "10:00:00",
    "status": "pending",
    "notes": "",
    "created_at": "2026-05-20T08:06:25.900Z"
  }
},
{
  "model": "bookings.booking",
  "pk": 94,
  "fields": {
    "client": [
      "alice@urk.net"
    ],
    "master": 5,
    "service": 40,
    "appointment_date": "2026-05-21",
    "start_time": "11:00:00",
    "end_time": "14:00:00",
    "status": "pending",
    "notes": "",
    "created_at": "2026-05-20T08:06:32.505Z"
  }
},
{
  "model": "bookings.booking",
  "pk": 95,
  "fields": {
    "client": [
      "alice@urk.net"
    ],
    "master": 5,
    "service": 39,
    "appointment_date": "2026-05-22",
    "start_time": "11:00:00",
    "end_time": "14:00:00",
    "status": "pending",
    "notes": "",
    "created_at": "2026-05-20T08:06:42.143Z"
  }
},
{
  "model": "bookings.booking",
  "pk": 96,
  "fields": {
    "client": [
      "alice@urk.net"
    ],
    "master": 10,
    "service": 49,
    "appointment_date": "2026-05-23",
    "start_time": "10:00:00",
    "end_time": "12:00:00",
    "status": "pending",
    "notes": "",
    "created_at": "2026-05-20T08:07:19.470Z"
  }
},
{
  "model": "bookings.booking",
  "pk": 97,
  "fields": {
    "client": [
      "oksana.hordych23@gmail.com"
    ],
    "master": 10,
    "service": 49,
    "appointment_date": "2026-05-22",
    "start_time": "10:00:00",
    "end_time": "12:00:00",
    "status": "cancelled",
    "notes": "",
    "created_at": "2026-05-20T12:38:04.277Z"
  }
},
{
  "model": "bookings.booking",
  "pk": 98,
  "fields": {
    "client": [
      "oleksandra.golub@mock.beautyapp.local"
    ],
    "master": 7,
    "service": 45,
    "appointment_date": "2026-05-27",
    "start_time": "10:00:00",
    "end_time": "13:00:00",
    "status": "pending",
    "notes": "",
    "created_at": "2026-05-26T18:06:40.655Z"
  }
},
{
  "model": "bookings.booking",
  "pk": 99,
  "fields": {
    "client": [
      "oleksandra.golub@mock.beautyapp.local"
    ],
    "master": 7,
    "service": 46,
    "appointment_date": "2026-05-28",
    "start_time": "12:00:00",
    "end_time": "14:00:00",
    "status": "pending",
    "notes": "",
    "created_at": "2026-05-26T18:06:49.380Z"
  }
},
{
  "model": "bookings.booking",
  "pk": 100,
  "fields": {
    "client": [
      "oleksandra.golub@mock.beautyapp.local"
    ],
    "master": 7,
    "service": 45,
    "appointment_date": "2026-05-30",
    "start_time": "08:00:00",
    "end_time": "11:00:00",
    "status": "pending",
    "notes": "",
    "created_at": "2026-05-26T18:06:54.055Z"
  }
},
{
  "model": "bookings.booking",
  "pk": 101,
  "fields": {
    "client": [
      "oleksandra.golub@mock.beautyapp.local"
    ],
    "master": 5,
    "service": 37,
    "appointment_date": "2026-05-28",
    "start_time": "09:00:00",
    "end_time": "10:00:00",
    "status": "pending",
    "notes": "",
    "created_at": "2026-05-26T18:07:24.498Z"
  }
},
{
  "model": "bookings.booking",
  "pk": 102,
  "fields": {
    "client": [
      "oleksandra.golub@mock.beautyapp.local"
    ],
    "master": 5,
    "service": 37,
    "appointment_date": "2026-05-29",
    "start_time": "09:00:00",
    "end_time": "10:00:00",
    "status": "pending",
    "notes": "",
    "created_at": "2026-05-26T18:07:30.893Z"
  }
},
{
  "model": "bookings.booking",
  "pk": 103,
  "fields": {
    "client": [
      "oleksandra.golub@mock.beautyapp.local"
    ],
    "master": 5,
    "service": 39,
    "appointment_date": "2026-05-29",
    "start_time": "10:00:00",
    "end_time": "13:00:00",
    "status": "pending",
    "notes": "",
    "created_at": "2026-05-26T18:07:36.757Z"
  }
},
{
  "model": "bookings.booking",
  "pk": 104,
  "fields": {
    "client": [
      "oleksandra.golub@mock.beautyapp.local"
    ],
    "master": 5,
    "service": 40,
    "appointment_date": "2026-05-28",
    "start_time": "13:00:00",
    "end_time": "16:00:00",
    "status": "pending",
    "notes": "",
    "created_at": "2026-05-26T18:07:44.531Z"
  }
},
{
  "model": "bookings.booking",
  "pk": 105,
  "fields": {
    "client": [
      "oksanahordych@ukr.net"
    ],
    "master": 7,
    "service": 46,
    "appointment_date": "2026-05-28",
    "start_time": "09:00:00",
    "end_time": "11:00:00",
    "status": "pending",
    "notes": "",
    "created_at": "2026-05-26T18:10:21.130Z"
  }
},
{
  "model": "bookings.booking",
  "pk": 106,
  "fields": {
    "client": [
      "lady.linton@gmail.com"
    ],
    "master": 7,
    "service": 50,
    "appointment_date": "2026-05-28",
    "start_time": "11:00:00",
    "end_time": "12:00:00",
    "status": "cancelled",
    "notes": "",
    "created_at": "2026-05-26T18:34:52.809Z"
  }
},
{
  "model": "bookings.booking",
  "pk": 107,
  "fields": {
    "client": [
      "agnes.mackenzie@mock.beautyapp.local"
    ],
    "master": 5,
    "service": 37,
    "appointment_date": "2026-06-15",
    "start_time": "11:00:00",
    "end_time": "12:00:00",
    "status": "pending",
    "notes": "",
    "created_at": "2026-05-26T18:44:26.596Z"
  }
},
{
  "model": "bookings.booking",
  "pk": 108,
  "fields": {
    "client": [
      "agnes.mackenzie@mock.beautyapp.local"
    ],
    "master": 5,
    "service": 39,
    "appointment_date": "2026-06-18",
    "start_time": "10:00:00",
    "end_time": "13:00:00",
    "status": "pending",
    "notes": "",
    "created_at": "2026-05-26T18:44:37.027Z"
  }
},
{
  "model": "bookings.booking",
  "pk": 109,
  "fields": {
    "client": [
      "agnes.mackenzie@mock.beautyapp.local"
    ],
    "master": 10,
    "service": 47,
    "appointment_date": "2026-06-15",
    "start_time": "08:00:00",
    "end_time": "09:00:00",
    "status": "pending",
    "notes": "",
    "created_at": "2026-05-26T18:45:02.134Z"
  }
},
{
  "model": "bookings.booking",
  "pk": 110,
  "fields": {
    "client": [
      "agnes.mackenzie@mock.beautyapp.local"
    ],
    "master": 10,
    "service": 49,
    "appointment_date": "2026-06-18",
    "start_time": "10:00:00",
    "end_time": "12:00:00",
    "status": "pending",
    "notes": "",
    "created_at": "2026-05-26T18:45:18.113Z"
  }
},
{
  "model": "chat.conversation",
  "pk": 1,
  "fields": {
    "created_at": "2026-03-14T13:52:12.589Z",
    "updated_at": "2026-03-14T13:54:04.628Z",
    "participants": [
      [
        "oksanahordych1@ukr.net"
      ],
      [
        "miastone@ukr.net"
      ]
    ]
  }
},
{
  "model": "chat.conversation",
  "pk": 3,
  "fields": {
    "created_at": "2026-04-13T15:02:31.513Z",
    "updated_at": "2026-05-14T12:31:58.869Z",
    "participants": [
      [
        "alice@urk.net"
      ],
      [
        "myladyjane@ukr.net"
      ]
    ]
  }
},
{
  "model": "chat.conversation",
  "pk": 4,
  "fields": {
    "created_at": "2026-04-20T10:13:49.614Z",
    "updated_at": "2026-04-22T15:12:26.249Z",
    "participants": [
      [
        "alice@urk.net"
      ],
      [
        "lady.linton@gmail.com"
      ]
    ]
  }
},
{
  "model": "chat.conversation",
  "pk": 5,
  "fields": {
    "created_at": "2026-04-20T13:06:15.910Z",
    "updated_at": "2026-05-13T18:04:15.725Z",
    "participants": [
      [
        "lady.linton@gmail.com"
      ],
      [
        "aemma@ukr.net"
      ]
    ]
  }
},
{
  "model": "chat.conversation",
  "pk": 6,
  "fields": {
    "created_at": "2026-04-22T15:53:50.888Z",
    "updated_at": "2026-05-13T14:20:48.671Z",
    "participants": [
      [
        "myladyjane@ukr.net"
      ],
      [
        "aemma@ukr.net"
      ]
    ]
  }
},
{
  "model": "chat.conversation",
  "pk": 7,
  "fields": {
    "created_at": "2026-04-24T14:21:40.311Z",
    "updated_at": "2026-04-24T14:21:40.311Z",
    "participants": [
      [
        "alice@urk.net"
      ],
      [
        "aemma@ukr.net"
      ]
    ]
  }
},
{
  "model": "chat.conversation",
  "pk": 8,
  "fields": {
    "created_at": "2026-04-24T14:35:25.243Z",
    "updated_at": "2026-04-24T14:35:25.253Z",
    "participants": [
      [
        "miastone@ukr.net"
      ],
      [
        "aemma@ukr.net"
      ]
    ]
  }
},
{
  "model": "chat.conversation",
  "pk": 9,
  "fields": {
    "created_at": "2026-04-29T16:45:22.614Z",
    "updated_at": "2026-04-29T16:46:28.581Z",
    "participants": [
      [
        "aemma@ukr.net"
      ],
      [
        "oks@ukr.net"
      ]
    ]
  }
},
{
  "model": "chat.conversation",
  "pk": 10,
  "fields": {
    "created_at": "2026-05-09T16:17:12.902Z",
    "updated_at": "2026-05-14T12:33:32.183Z",
    "participants": [
      [
        "aemma@ukr.net"
      ],
      [
        "oksana.hordych23@gmail.com"
      ]
    ]
  }
},
{
  "model": "chat.conversation",
  "pk": 11,
  "fields": {
    "created_at": "2026-05-14T10:13:11.901Z",
    "updated_at": "2026-05-14T10:13:11.925Z",
    "participants": [
      [
        "admin"
      ],
      [
        "miastone@ukr.net"
      ]
    ]
  }
},
{
  "model": "chat.conversation",
  "pk": 13,
  "fields": {
    "created_at": "2026-05-14T10:53:10.118Z",
    "updated_at": "2026-05-14T10:53:10.128Z",
    "participants": [
      [
        "admin"
      ],
      [
        "oksana.hordych23@gmail.com"
      ]
    ]
  }
},
{
  "model": "chat.conversation",
  "pk": 15,
  "fields": {
    "created_at": "2026-05-14T11:11:38.720Z",
    "updated_at": "2026-05-14T11:11:38.720Z",
    "participants": [
      [
        "alice@urk.net"
      ],
      [
        "agnes.mackenzie@mock.beautyapp.local"
      ]
    ]
  }
},
{
  "model": "chat.conversation",
  "pk": 16,
  "fields": {
    "created_at": "2026-05-14T11:21:58.797Z",
    "updated_at": "2026-05-14T11:21:58.807Z",
    "participants": [
      [
        "admin"
      ],
      [
        "alice@urk.net"
      ]
    ]
  }
},
{
  "model": "chat.conversation",
  "pk": 17,
  "fields": {
    "created_at": "2026-05-14T11:21:58.810Z",
    "updated_at": "2026-05-14T11:21:58.817Z",
    "participants": [
      [
        "alice@urk.net"
      ],
      [
        "moderator@beautyapp.local"
      ]
    ]
  }
},
{
  "model": "chat.conversation",
  "pk": 18,
  "fields": {
    "created_at": "2026-05-19T16:34:39.511Z",
    "updated_at": "2026-05-26T18:45:18.128Z",
    "participants": [
      [
        "agnes.mackenzie@mock.beautyapp.local"
      ],
      [
        "oleksandra.golub@mock.beautyapp.local"
      ]
    ]
  }
},
{
  "model": "chat.conversation",
  "pk": 21,
  "fields": {
    "created_at": "2026-05-19T16:43:53.675Z",
    "updated_at": "2026-05-19T16:43:53.684Z",
    "participants": [
      [
        "admin"
      ],
      [
        "oleksandra.golub@mock.beautyapp.local"
      ]
    ]
  }
},
{
  "model": "chat.conversation",
  "pk": 22,
  "fields": {
    "created_at": "2026-05-19T16:43:53.688Z",
    "updated_at": "2026-05-19T16:43:53.693Z",
    "participants": [
      [
        "oleksandra.golub@mock.beautyapp.local"
      ],
      [
        "moderator@beautyapp.local"
      ]
    ]
  }
},
{
  "model": "chat.conversation",
  "pk": 23,
  "fields": {
    "created_at": "2026-05-20T08:04:25.296Z",
    "updated_at": "2026-05-20T08:04:25.322Z",
    "participants": [
      [
        "lady.linton@gmail.com"
      ],
      [
        "oleksandra.golub@mock.beautyapp.local"
      ]
    ]
  }
},
{
  "model": "chat.conversation",
  "pk": 24,
  "fields": {
    "created_at": "2026-05-20T08:07:19.483Z",
    "updated_at": "2026-05-20T08:07:19.490Z",
    "participants": [
      [
        "alice@urk.net"
      ],
      [
        "oleksandra.golub@mock.beautyapp.local"
      ]
    ]
  }
},
{
  "model": "chat.conversation",
  "pk": 25,
  "fields": {
    "created_at": "2026-05-20T12:40:01.987Z",
    "updated_at": "2026-05-20T12:40:02.002Z",
    "participants": [
      [
        "oksana.hordych23@gmail.com"
      ],
      [
        "oleksandra.golub@mock.beautyapp.local"
      ]
    ]
  }
},
{
  "model": "chat.conversation",
  "pk": 26,
  "fields": {
    "created_at": "2026-05-26T18:11:22.476Z",
    "updated_at": "2026-05-26T18:15:31.392Z",
    "participants": [
      [
        "alice@urk.net"
      ],
      [
        "oksanahordych@ukr.net"
      ]
    ]
  }
},
{
  "model": "chat.conversation",
  "pk": 27,
  "fields": {
    "created_at": "2026-05-26T18:22:05.488Z",
    "updated_at": "2026-05-26T18:22:05.494Z",
    "participants": [
      [
        "agnes.mackenzie@mock.beautyapp.local"
      ],
      [
        "moderator@beautyapp.local"
      ]
    ]
  }
},
{
  "model": "chat.conversation",
  "pk": 28,
  "fields": {
    "created_at": "2026-05-26T18:34:52.823Z",
    "updated_at": "2026-05-26T18:40:31.501Z",
    "participants": [
      [
        "lady.linton@gmail.com"
      ],
      [
        "agnes.mackenzie@mock.beautyapp.local"
      ]
    ]
  }
},
{
  "model": "chat.conversationhiddenforuser",
  "pk": 1,
  "fields": {
    "conversation": 4,
    "user": [
      "alice@urk.net"
    ],
    "created_at": "2026-05-14T11:22:36.038Z"
  }
},
{
  "model": "chat.message",
  "pk": 1,
  "fields": {
    "conversation": 1,
    "sender": [
      "miastone@ukr.net"
    ],
    "message_type": "text",
    "text": "Hi, Alice",
    "media_url": "",
    "created_at": "2026-03-14T13:52:26.398Z",
    "is_read": false
  }
},
{
  "model": "chat.message",
  "pk": 2,
  "fields": {
    "conversation": 1,
    "sender": [
      "miastone@ukr.net"
    ],
    "message_type": "text",
    "text": "!!!!!",
    "media_url": "",
    "created_at": "2026-03-14T13:54:04.612Z",
    "is_read": false
  }
},
{
  "model": "chat.message",
  "pk": 33,
  "fields": {
    "conversation": 3,
    "sender": [
      "myladyjane@ukr.net"
    ],
    "message_type": "text",
    "text": "Hi alice, I am Jane, I have a quastion for you does this app have option to swich my accont to profesional account",
    "media_url": "",
    "created_at": "2026-04-13T15:03:25.280Z",
    "is_read": true
  }
},
{
  "model": "chat.message",
  "pk": 34,
  "fields": {
    "conversation": 3,
    "sender": [
      "alice@urk.net"
    ],
    "message_type": "text",
    "text": "Hi Jane, I see you alredy filled your professional profile! Good luck in work!",
    "media_url": "",
    "created_at": "2026-04-18T15:19:02.978Z",
    "is_read": true
  }
},
{
  "model": "chat.message",
  "pk": 39,
  "fields": {
    "conversation": 4,
    "sender": [
      "alice@urk.net"
    ],
    "message_type": "text",
    "text": "Your appointment for \"Nails\" on 20.04.2026 at 15:00 has been cancelled by the master.\nReason: Sorry, Cat, but i have very urgent matters to attend at this time, hope it wiil be conviniount for you to rebook an appointment",
    "media_url": "",
    "created_at": "2026-04-20T10:13:49.620Z",
    "is_read": true
  }
},
{
  "model": "chat.message",
  "pk": 40,
  "fields": {
    "conversation": 4,
    "sender": [
      "lady.linton@gmail.com"
    ],
    "message_type": "text",
    "text": "Hi, sure, I will book appointment for tomorow",
    "media_url": "",
    "created_at": "2026-04-20T10:15:01.968Z",
    "is_read": true
  }
},
{
  "model": "chat.message",
  "pk": 42,
  "fields": {
    "conversation": 3,
    "sender": [
      "alice@urk.net"
    ],
    "message_type": "text",
    "text": "Hi, Jane! Do you have same issue with schedule as I have? Today twice my appointments disapered",
    "media_url": "",
    "created_at": "2026-04-20T10:30:38.473Z",
    "is_read": true
  }
},
{
  "model": "chat.message",
  "pk": 43,
  "fields": {
    "conversation": 3,
    "sender": [
      "myladyjane@ukr.net"
    ],
    "message_type": "text",
    "text": "Hi, havent noticed yet, if ill see smth, i'd let you know!",
    "media_url": "",
    "created_at": "2026-04-20T10:33:14.517Z",
    "is_read": true
  }
},
{
  "model": "chat.message",
  "pk": 44,
  "fields": {
    "conversation": 3,
    "sender": [
      "myladyjane@ukr.net"
    ],
    "message_type": "text",
    "text": "Your appointment for \"Online meeting\" on 24.04.2026 at 09:00 has been cancelled by the master.\nReason: Cancel appointment Test",
    "media_url": "",
    "created_at": "2026-04-20T10:33:39.968Z",
    "is_read": true
  }
},
{
  "model": "chat.message",
  "pk": 45,
  "fields": {
    "conversation": 3,
    "sender": [
      "myladyjane@ukr.net"
    ],
    "message_type": "text",
    "text": "Your appointment for \"Online meeting\" on 24.04.2026 at 09:00 has been cancelled by the master.\nReason: Cancel test 2",
    "media_url": "",
    "created_at": "2026-04-20T10:47:28.743Z",
    "is_read": true
  }
},
{
  "model": "chat.message",
  "pk": 46,
  "fields": {
    "conversation": 5,
    "sender": [
      "aemma@ukr.net"
    ],
    "message_type": "text",
    "text": "Yess Cat, tell me your adress, and I should inform you thst type of appointment must be paid 12 hours before appointment and client must cover cost of the taxi for stylist. Are you okay with that?",
    "media_url": "",
    "created_at": "2026-04-20T13:07:58.467Z",
    "is_read": true
  }
},
{
  "model": "chat.message",
  "pk": 47,
  "fields": {
    "conversation": 3,
    "sender": [
      "myladyjane@ukr.net"
    ],
    "message_type": "text",
    "text": "Your appointment for \"Offline meting\" on 24.04.2026 at 10:00 has been cancelled by the master.\nReason: Test 3",
    "media_url": "",
    "created_at": "2026-04-21T09:20:42.661Z",
    "is_read": true
  }
},
{
  "model": "chat.message",
  "pk": 48,
  "fields": {
    "conversation": 3,
    "sender": [
      "myladyjane@ukr.net"
    ],
    "message_type": "text",
    "text": "1",
    "media_url": "",
    "created_at": "2026-04-22T14:20:36.164Z",
    "is_read": true
  }
},
{
  "model": "chat.message",
  "pk": 49,
  "fields": {
    "conversation": 3,
    "sender": [
      "myladyjane@ukr.net"
    ],
    "message_type": "text",
    "text": "21",
    "media_url": "",
    "created_at": "2026-04-22T14:24:37.822Z",
    "is_read": true
  }
},
{
  "model": "chat.message",
  "pk": 50,
  "fields": {
    "conversation": 4,
    "sender": [
      "lady.linton@gmail.com"
    ],
    "message_type": "text",
    "text": "1",
    "media_url": "",
    "created_at": "2026-04-22T15:12:26.241Z",
    "is_read": true
  }
},
{
  "model": "chat.message",
  "pk": 51,
  "fields": {
    "conversation": 6,
    "sender": [
      "aemma@ukr.net"
    ],
    "message_type": "text",
    "text": "Your appointment for \"Bridal makeup\" on 24.04.2026 at 12:00 has been cancelled by the master.\nReason: Test",
    "media_url": "",
    "created_at": "2026-04-22T15:53:50.890Z",
    "is_read": true
  }
},
{
  "model": "chat.message",
  "pk": 52,
  "fields": {
    "conversation": 6,
    "sender": [
      "aemma@ukr.net"
    ],
    "message_type": "text",
    "text": "Âč çŕáđîíţâŕëč «Bridal makeup» íŕ 24.04.2026 î 12:00.\nÖ˙ ďđîöĺäóđŕ ďĺđĺäáŕ÷ŕş îáîâ'˙çęîâó ďĺđĺäďëŕňó.\nÁóäü ëŕńęŕ, ńďëŕňłňü żż ďđčíŕéěíł çŕ 5 ăîäčí äî âłçčňó, łíŕęřĺ ěŕéńňĺđ ńęŕńóş âŕř çŕďčń.\nIBAN: UA453220010000026001987654321\nĎđčçíŕ÷ĺíí˙ ďëŕňĺćó: Payment for makeup services",
    "media_url": "",
    "created_at": "2026-04-22T15:54:41.235Z",
    "is_read": true
  }
},
{
  "model": "chat.message",
  "pk": 53,
  "fields": {
    "conversation": 6,
    "sender": [
      "aemma@ukr.net"
    ],
    "message_type": "text",
    "text": "You have booked \"Bridal makeup\" on 01.05.2026 at 09:00.\nThis service requires a mandatory prepayment.\nPlease pay at least 5 hours before your visit; otherwise the master may cancel your booking.\nIBAN: UA453220010000026001987654321\nPayment reference: Payment for makeup services",
    "media_url": "",
    "created_at": "2026-04-22T16:09:06.914Z",
    "is_read": true
  }
},
{
  "model": "chat.message",
  "pk": 54,
  "fields": {
    "conversation": 6,
    "sender": [
      "myladyjane@ukr.net"
    ],
    "message_type": "text",
    "text": "Hi Aemma, How are you? is everything allright with your account?",
    "media_url": "",
    "created_at": "2026-04-23T16:07:59.670Z",
    "is_read": true
  }
},
{
  "model": "chat.message",
  "pk": 55,
  "fields": {
    "conversation": 6,
    "sender": [
      "aemma@ukr.net"
    ],
    "message_type": "text",
    "text": "Hi, evrything is ok, I'm happy about new impowements in the app. And how are you, dear?",
    "media_url": "",
    "created_at": "2026-04-23T16:09:26.307Z",
    "is_read": true
  }
},
{
  "model": "chat.message",
  "pk": 56,
  "fields": {
    "conversation": 3,
    "sender": [
      "alice@urk.net"
    ],
    "message_type": "text",
    "text": "Your appointment for \"Japanese manicure\" on 25.04.2026 at 08:00 has been cancelled by the master.\nReason: Test",
    "media_url": "",
    "created_at": "2026-04-24T14:34:09.051Z",
    "is_read": true
  }
},
{
  "model": "chat.message",
  "pk": 57,
  "fields": {
    "conversation": 8,
    "sender": [
      "aemma@ukr.net"
    ],
    "message_type": "text",
    "text": "You have booked \"Bridal makeup\" on 28.04.2026 at 09:00.\nThis service requires a mandatory prepayment.\nPlease pay at least 5 hours before your visit; otherwise the master may cancel your booking.\nIBAN: UA453220010000026001987654321\nPayment reference: Payment for makeup services",
    "media_url": "",
    "created_at": "2026-04-24T14:35:25.251Z",
    "is_read": true
  }
},
{
  "model": "chat.message",
  "pk": 58,
  "fields": {
    "conversation": 9,
    "sender": [
      "aemma@ukr.net"
    ],
    "message_type": "text",
    "text": "You have booked \"Bridal makeup\" on 05.05.2026 at 08:00.\nThis service requires a mandatory prepayment.\nPlease pay at least 5 hours before your visit; otherwise the master may cancel your booking.\nIBAN: UA453220010000026001987654321\nPayment reference: Payment for makeup services",
    "media_url": "",
    "created_at": "2026-04-29T16:45:22.627Z",
    "is_read": true
  }
},
{
  "model": "chat.message",
  "pk": 59,
  "fields": {
    "conversation": 9,
    "sender": [
      "aemma@ukr.net"
    ],
    "message_type": "text",
    "text": "Your appointment for \"Bridal makeup\" on 05.05.2026 at 08:00 has been cancelled by the master.\nReason: Test",
    "media_url": "",
    "created_at": "2026-04-29T16:46:28.579Z",
    "is_read": false
  }
},
{
  "model": "chat.message",
  "pk": 60,
  "fields": {
    "conversation": 6,
    "sender": [
      "aemma@ukr.net"
    ],
    "message_type": "text",
    "text": "ghfghfghf",
    "media_url": "",
    "created_at": "2026-05-06T19:14:20.712Z",
    "is_read": true
  }
},
{
  "model": "chat.message",
  "pk": 61,
  "fields": {
    "conversation": 5,
    "sender": [
      "aemma@ukr.net"
    ],
    "message_type": "text",
    "text": "You have booked \"Bridal makeup\" on 07.05.2026 at 11:00.\nThis service requires a mandatory prepayment.\nPlease pay at least 5 hours before your visit; otherwise the master may cancel your booking.\nIBAN: UA453220010000026001987654321\nPayment reference: Payment for makeup services",
    "media_url": "",
    "created_at": "2026-05-06T19:17:36.452Z",
    "is_read": true
  }
},
{
  "model": "chat.message",
  "pk": 62,
  "fields": {
    "conversation": 6,
    "sender": [
      "aemma@ukr.net"
    ],
    "message_type": "text",
    "text": "You have booked \"Bridal makeup\" on 08.05.2026 at 08:00.\nThis service requires a mandatory prepayment.\nPlease pay at least 5 hours before your visit; otherwise the master may cancel your booking.\nIBAN: UA453220010000026001987654321\nPayment reference: Payment for makeup services",
    "media_url": "",
    "created_at": "2026-05-07T17:38:19.180Z",
    "is_read": true
  }
},
{
  "model": "chat.message",
  "pk": 63,
  "fields": {
    "conversation": 3,
    "sender": [
      "myladyjane@ukr.net"
    ],
    "message_type": "image",
    "text": "",
    "media_url": "https://res.cloudinary.com/dbbgctiio/image/upload/v1778262124/beauty_app/chat_media/c6trxisbyzs2sdjy8wut.jpg",
    "created_at": "2026-05-08T17:42:05.225Z",
    "is_read": true
  }
},
{
  "model": "chat.message",
  "pk": 64,
  "fields": {
    "conversation": 3,
    "sender": [
      "myladyjane@ukr.net"
    ],
    "message_type": "image",
    "text": "",
    "media_url": "https://res.cloudinary.com/dbbgctiio/image/upload/v1778262744/beauty_app/chat_media/zoedvlviuxptkycgiebi.jpg",
    "created_at": "2026-05-08T17:52:24.785Z",
    "is_read": true
  }
},
{
  "model": "chat.message",
  "pk": 65,
  "fields": {
    "conversation": 10,
    "sender": [
      "aemma@ukr.net"
    ],
    "message_type": "text",
    "text": "You have booked \"Bridal makeup\" on 11.05.2026 at 09:00.\nThis service requires a mandatory prepayment.\nPlease pay at least 5 hours before your visit; otherwise the master may cancel your booking.\nIBAN: UA453220010000026001987654321\nPayment reference: Payment for makeup services",
    "media_url": "",
    "created_at": "2026-05-09T16:17:12.919Z",
    "is_read": true
  }
},
{
  "model": "chat.message",
  "pk": 66,
  "fields": {
    "conversation": 10,
    "sender": [
      "oksana.hordych23@gmail.com"
    ],
    "message_type": "text",
    "text": "ok",
    "media_url": "",
    "created_at": "2026-05-09T16:17:28.038Z",
    "is_read": true
  }
},
{
  "model": "chat.message",
  "pk": 67,
  "fields": {
    "conversation": 10,
    "sender": [
      "oksana.hordych23@gmail.com"
    ],
    "message_type": "image",
    "text": "",
    "media_url": "https://res.cloudinary.com/dbbgctiio/image/upload/v1778343455/beauty_app/chat_media/nglnm1e3jua2xzbfyk4e.jpg",
    "created_at": "2026-05-09T16:17:36.194Z",
    "is_read": true
  }
},
{
  "model": "chat.message",
  "pk": 68,
  "fields": {
    "conversation": 10,
    "sender": [
      "aemma@ukr.net"
    ],
    "message_type": "text",
    "text": "Your appointment for \"Bridal makeup\" on 11.05.2026 at 09:00 has been cancelled by the master.\nReason: Test",
    "media_url": "",
    "created_at": "2026-05-09T16:18:53.973Z",
    "is_read": true
  }
},
{
  "model": "chat.message",
  "pk": 69,
  "fields": {
    "conversation": 3,
    "sender": [
      "myladyjane@ukr.net"
    ],
    "message_type": "text",
    "text": "1111",
    "media_url": "",
    "created_at": "2026-05-12T17:37:08.232Z",
    "is_read": false
  }
},
{
  "model": "chat.message",
  "pk": 70,
  "fields": {
    "conversation": 3,
    "sender": [
      "myladyjane@ukr.net"
    ],
    "message_type": "image",
    "text": "",
    "media_url": "https://res.cloudinary.com/dbbgctiio/image/upload/v1778607434/beauty_app/chat_media/ezljt3b1rlqkjkre8hmi.jpg",
    "created_at": "2026-05-12T17:37:16.215Z",
    "is_read": false
  }
},
{
  "model": "chat.message",
  "pk": 71,
  "fields": {
    "conversation": 6,
    "sender": [
      "aemma@ukr.net"
    ],
    "message_type": "text",
    "text": "You have booked \"Bridal makeup\" on 15.05.2026 at 09:00.\nThis service requires a mandatory prepayment.\nPlease pay at least 5 hours before your visit; otherwise the master may cancel your booking.\nIBAN: UA453220010000026001987654321\nPayment reference: Payment for makeup services",
    "media_url": "",
    "created_at": "2026-05-12T17:40:34.444Z",
    "is_read": true
  }
},
{
  "model": "chat.message",
  "pk": 72,
  "fields": {
    "conversation": 6,
    "sender": [
      "aemma@ukr.net"
    ],
    "message_type": "text",
    "text": "Your appointment for \"Daily makeup\" on 15.05.2026 at 11:00 has been cancelled by the master.\nReason: Test 1",
    "media_url": "",
    "created_at": "2026-05-12T17:41:52.432Z",
    "is_read": true
  }
},
{
  "model": "chat.message",
  "pk": 73,
  "fields": {
    "conversation": 6,
    "sender": [
      "aemma@ukr.net"
    ],
    "message_type": "text",
    "text": "You have booked \"Bridal makeup\" on 15.05.2026 at 11:00.\nThis service requires a mandatory prepayment.\nPlease pay at least 5 hours before your visit; otherwise the master may cancel your booking.\nIBAN: UA453220010000026001987654321\nPayment reference: Payment for makeup services",
    "media_url": "",
    "created_at": "2026-05-13T14:20:48.655Z",
    "is_read": true
  }
},
{
  "model": "chat.message",
  "pk": 74,
  "fields": {
    "conversation": 3,
    "sender": [
      "myladyjane@ukr.net"
    ],
    "message_type": "text",
    "text": "Your appointment for \"Help with shoping\" on 13.05.2026 at 09:00 has been cancelled by the master.\nReason: 57668",
    "media_url": "",
    "created_at": "2026-05-13T14:21:44.838Z",
    "is_read": false
  }
},
{
  "model": "chat.message",
  "pk": 75,
  "fields": {
    "conversation": 3,
    "sender": [
      "myladyjane@ukr.net"
    ],
    "message_type": "image",
    "text": "",
    "media_url": "https://res.cloudinary.com/dbbgctiio/image/upload/v1778682113/beauty_app/chat_media/bv07wx8dckbmaybcp8yc.jpg",
    "created_at": "2026-05-13T14:21:55.960Z",
    "is_read": false
  }
},
{
  "model": "chat.message",
  "pk": 76,
  "fields": {
    "conversation": 5,
    "sender": [
      "aemma@ukr.net"
    ],
    "message_type": "text",
    "text": "You have booked \"Bridal makeup\" on 18.05.2026 at 10:00.\nThis service requires a mandatory prepayment.\nPlease pay at least 5 hours before your visit; otherwise the master may cancel your booking.\nIBAN: UA453220010000026001987654321\nPayment reference: Payment for makeup services",
    "media_url": "",
    "created_at": "2026-05-13T18:04:15.710Z",
    "is_read": true
  }
},
{
  "model": "chat.message",
  "pk": 77,
  "fields": {
    "conversation": 11,
    "sender": [
      "miastone@ukr.net"
    ],
    "message_type": "text",
    "text": "[Review report]\nMaster: Jane Eyre\nAuthor: Cathy Linton\nReason: False information\n\nFalse information this master ignores clients",
    "media_url": "",
    "created_at": "2026-05-14T10:13:11.911Z",
    "is_read": false
  }
},
{
  "model": "chat.message",
  "pk": 79,
  "fields": {
    "conversation": 13,
    "sender": [
      "oksana.hordych23@gmail.com"
    ],
    "message_type": "text",
    "text": "[Review report]\nMaster: Alice InWonderland\nAuthor: Cathy Linton\nReason: False information\n\nTest2",
    "media_url": "",
    "created_at": "2026-05-14T10:53:10.125Z",
    "is_read": false
  }
},
{
  "model": "chat.message",
  "pk": 82,
  "fields": {
    "conversation": 15,
    "sender": [
      "alice@urk.net"
    ],
    "message_type": "text",
    "text": "Hi",
    "media_url": "",
    "created_at": "2026-05-14T11:11:45.869Z",
    "is_read": false
  }
},
{
  "model": "chat.message",
  "pk": 83,
  "fields": {
    "conversation": 16,
    "sender": [
      "alice@urk.net"
    ],
    "message_type": "text",
    "text": "[Review report]\nMaster: Aemma Arryn\nAuthor: Mia Stone\nReason: False information\n\ntest 2",
    "media_url": "",
    "created_at": "2026-05-14T11:21:58.801Z",
    "is_read": false
  }
},
{
  "model": "chat.message",
  "pk": 84,
  "fields": {
    "conversation": 17,
    "sender": [
      "alice@urk.net"
    ],
    "message_type": "text",
    "text": "[Review report]\nMaster: Aemma Arryn\nAuthor: Mia Stone\nReason: False information\n\ntest 2",
    "media_url": "",
    "created_at": "2026-05-14T11:21:58.814Z",
    "is_read": true
  }
},
{
  "model": "chat.message",
  "pk": 85,
  "fields": {
    "conversation": 3,
    "sender": [
      "myladyjane@ukr.net"
    ],
    "message_type": "text",
    "text": "Your appointment for \"Online meeting\" on 15.05.2026 at 13:00 has been cancelled by the master.\nReason: Test",
    "media_url": "",
    "created_at": "2026-05-14T12:31:58.854Z",
    "is_read": false
  }
},
{
  "model": "chat.message",
  "pk": 86,
  "fields": {
    "conversation": 10,
    "sender": [
      "aemma@ukr.net"
    ],
    "message_type": "text",
    "text": "You have booked \"Bridal makeup\" on 16.05.2026 at 11:00.\nThis service requires a mandatory prepayment.\nPlease pay at least 5 hours before your visit; otherwise the master may cancel your booking.\nIBAN: UA453220010000026001987654321\nPayment reference: Payment for makeup services",
    "media_url": "",
    "created_at": "2026-05-14T12:33:32.181Z",
    "is_read": false
  }
},
{
  "model": "chat.message",
  "pk": 87,
  "fields": {
    "conversation": 18,
    "sender": [
      "oleksandra.golub@mock.beautyapp.local"
    ],
    "message_type": "text",
    "text": "1",
    "media_url": "",
    "created_at": "2026-05-19T16:34:44.326Z",
    "is_read": true
  }
},
{
  "model": "chat.message",
  "pk": 88,
  "fields": {
    "conversation": 18,
    "sender": [
      "oleksandra.golub@mock.beautyapp.local"
    ],
    "message_type": "image",
    "text": "",
    "media_url": "https://res.cloudinary.com/dbbgctiio/image/upload/v1779208491/beauty_app/chat_media/jgbqfqxndfu1kmtruvjo.jpg",
    "created_at": "2026-05-19T16:34:53.291Z",
    "is_read": true
  }
},
{
  "model": "chat.message",
  "pk": 95,
  "fields": {
    "conversation": 21,
    "sender": [
      "oleksandra.golub@mock.beautyapp.local"
    ],
    "message_type": "text",
    "text": "[Profile report]\nTarget: Jane Eyre\nTarget email: myladyjane@ukr.net\nReason: Fake profile\n\ntest",
    "media_url": "",
    "created_at": "2026-05-19T16:43:53.678Z",
    "is_read": false
  }
},
{
  "model": "chat.message",
  "pk": 96,
  "fields": {
    "conversation": 22,
    "sender": [
      "oleksandra.golub@mock.beautyapp.local"
    ],
    "message_type": "text",
    "text": "[Profile report]\nTarget: Jane Eyre\nTarget email: myladyjane@ukr.net\nReason: Fake profile\n\ntest",
    "media_url": "",
    "created_at": "2026-05-19T16:43:53.690Z",
    "is_read": true
  }
},
{
  "model": "chat.message",
  "pk": 97,
  "fields": {
    "conversation": 23,
    "sender": [
      "oleksandra.golub@mock.beautyapp.local"
    ],
    "message_type": "text",
    "text": "You have booked \"Hair Coloring\" on 22.05.2026 at 08:00.\nThis service requires a mandatory prepayment.\nPlease pay at least 5 hours before your visit; otherwise the master may cancel your booking.\nIBAN: UA123204780000026001234567890\nPayment reference: Payment for beauty services",
    "media_url": "",
    "created_at": "2026-05-20T08:04:25.304Z",
    "is_read": false
  }
},
{
  "model": "chat.message",
  "pk": 98,
  "fields": {
    "conversation": 24,
    "sender": [
      "oleksandra.golub@mock.beautyapp.local"
    ],
    "message_type": "text",
    "text": "You have booked \"Hair Coloring\" on 23.05.2026 at 10:00.\nThis service requires a mandatory prepayment.\nPlease pay at least 5 hours before your visit; otherwise the master may cancel your booking.\nIBAN: UA123204780000026001234567890\nPayment reference: Payment for beauty services",
    "media_url": "",
    "created_at": "2026-05-20T08:07:19.487Z",
    "is_read": false
  }
},
{
  "model": "chat.message",
  "pk": 102,
  "fields": {
    "conversation": 25,
    "sender": [
      "oleksandra.golub@mock.beautyapp.local"
    ],
    "message_type": "text",
    "text": "Your appointment for \"Hair Coloring\" on 22.05.2026 at 10:00 has been cancelled by the master.\nReason: 1",
    "media_url": "",
    "created_at": "2026-05-20T12:40:01.999Z",
    "is_read": false
  }
},
{
  "model": "chat.message",
  "pk": 103,
  "fields": {
    "conversation": 26,
    "sender": [
      "oksanahordych@ukr.net"
    ],
    "message_type": "text",
    "text": "Hi, Alice,  I want to book an appointment, but I have quite a special  request. Can you tell if you can create such nails design by this photo?",
    "media_url": "",
    "created_at": "2026-05-26T18:15:08.699Z",
    "is_read": false
  }
},
{
  "model": "chat.message",
  "pk": 104,
  "fields": {
    "conversation": 26,
    "sender": [
      "oksanahordych@ukr.net"
    ],
    "message_type": "image",
    "text": "",
    "media_url": "https://res.cloudinary.com/dbbgctiio/image/upload/v1779819330/beauty_app/chat_media/wrnugajgoewyevg3h4yf.jpg",
    "created_at": "2026-05-26T18:15:31.388Z",
    "is_read": false
  }
},
{
  "model": "chat.message",
  "pk": 106,
  "fields": {
    "conversation": 27,
    "sender": [
      "agnes.mackenzie@mock.beautyapp.local"
    ],
    "message_type": "text",
    "text": "[Profile report]\nTarget: Aemma Arryn\nTarget email: aemma@ukr.net\nReason: Fake profile\n\nprofile's content clearly based on AI content",
    "media_url": "",
    "created_at": "2026-05-26T18:22:05.492Z",
    "is_read": true
  }
},
{
  "model": "chat.message",
  "pk": 107,
  "fields": {
    "conversation": 28,
    "sender": [
      "agnes.mackenzie@mock.beautyapp.local"
    ],
    "message_type": "text",
    "text": "You have booked \"Online consultation\" on 28.05.2026 at 11:00.\nThis service requires a mandatory prepayment.\nPlease pay at least 5 hours before your visit; otherwise the master may cancel your booking.\nIBAN: UA99 3204 7800 0001 2345 6789 0123 4\nPayment reference: Payment for beauty services",
    "media_url": "",
    "created_at": "2026-05-26T18:34:52.839Z",
    "is_read": true
  }
},
{
  "model": "chat.message",
  "pk": 108,
  "fields": {
    "conversation": 28,
    "sender": [
      "agnes.mackenzie@mock.beautyapp.local"
    ],
    "message_type": "text",
    "text": "Your appointment for \"Online consultation\" on 28.05.2026 at 11:00 has been cancelled by the master.\nReason: Client didn't pay in time",
    "media_url": "",
    "created_at": "2026-05-26T18:40:31.492Z",
    "is_read": false
  }
},
{
  "model": "chat.message",
  "pk": 109,
  "fields": {
    "conversation": 18,
    "sender": [
      "oleksandra.golub@mock.beautyapp.local"
    ],
    "message_type": "text",
    "text": "You have booked \"Hair Coloring\" on 18.06.2026 at 10:00.\nThis service requires a mandatory prepayment.\nPlease pay at least 5 hours before your visit; otherwise the master may cancel your booking.\nIBAN: UA123204780000026001234567890\nPayment reference: Payment for beauty services",
    "media_url": "",
    "created_at": "2026-05-26T18:45:18.126Z",
    "is_read": false
  }
},
{
  "model": "admin.logentry",
  "pk": 1,
  "fields": {
    "action_time": "2026-03-13T18:41:30.553Z",
    "user": [
      "admin"
    ],
    "content_type": [
      "auth",
      "user"
    ],
    "object_id": "2",
    "object_repr": "anna@example.com",
    "action_flag": 3,
    "change_message": ""
  }
},
{
  "model": "admin.logentry",
  "pk": 2,
  "fields": {
    "action_time": "2026-03-13T18:41:30.553Z",
    "user": [
      "admin"
    ],
    "content_type": [
      "auth",
      "user"
    ],
    "object_id": "6",
    "object_repr": "mmmmmmmmmmmm@ukr.net",
    "action_flag": 3,
    "change_message": ""
  }
},
{
  "model": "admin.logentry",
  "pk": 3,
  "fields": {
    "action_time": "2026-03-13T18:41:30.553Z",
    "user": [
      "admin"
    ],
    "content_type": [
      "auth",
      "user"
    ],
    "object_id": "5",
    "object_repr": "oksanamaster@ukr.net",
    "action_flag": 3,
    "change_message": ""
  }
},
{
  "model": "admin.logentry",
  "pk": 4,
  "fields": {
    "action_time": "2026-03-13T18:41:30.553Z",
    "user": [
      "admin"
    ],
    "content_type": [
      "auth",
      "user"
    ],
    "object_id": "1",
    "object_repr": "test@example.com",
    "action_flag": 3,
    "change_message": ""
  }
}
]
